ds,y,ticker,name
2021-05-28,549.6085205078125,BAJFINANCE.NS,Bajaj Finance
2021-05-31,551.2933959960938,BAJFINANCE.NS,Bajaj Finance
2021-06-01,566.6578369140625,BAJFINANCE.NS,Bajaj Finance
2021-06-02,568.9940185546875,BAJFINANCE.NS,Bajaj Finance
2021-06-03,578.0894165039062,BAJFINANCE.NS,Bajaj Finance
2021-06-04,587.0963134765625,BAJFINANCE.NS,Bajaj Finance
2021-06-07,561.2653198242188,BAJFINANCE.NS,Bajaj Finance
2021-06-08,563.77783203125,BAJFINANCE.NS,Bajaj Finance
2021-06-09,555.853271484375,BAJFINANCE.NS,Bajaj Finance
2021-06-10,596.201416015625,BAJFINANCE.NS,Bajaj Finance
2021-06-11,599.4927978515625,BAJFINANCE.NS,Bajaj Finance
2021-06-14,606.7562255859375,BAJFINANCE.NS,Bajaj Finance
2021-06-15,603.5236206054688,BAJFINANCE.NS,Bajaj Finance
2021-06-16,595.731201171875,BAJFINANCE.NS,Bajaj Finance
2021-06-17,592.6603393554688,BAJFINANCE.NS,Bajaj Finance
2021-06-18,596.2650756835938,BAJFINANCE.NS,Bajaj Finance
2021-06-21,599.1008911132812,BAJFINANCE.NS,Bajaj Finance
2021-06-22,589.3836669921875,BAJFINANCE.NS,Bajaj Finance
2021-06-23,589.2661743164062,BAJFINANCE.NS,Bajaj Finance
2021-06-24,592.0089111328125,BAJFINANCE.NS,Bajaj Finance
2021-06-25,595.1630859375,BAJFINANCE.NS,Bajaj Finance
2021-06-28,591.3673095703125,BAJFINANCE.NS,Bajaj Finance
2021-06-29,592.8709106445312,BAJFINANCE.NS,Bajaj Finance
2021-06-30,589.2907104492188,BAJFINANCE.NS,Bajaj Finance
2021-07-01,584.5202026367188,BAJFINANCE.NS,Bajaj Finance
2021-07-02,587.517578125,BAJFINANCE.NS,Bajaj Finance
2021-07-05,594.8594360351562,BAJFINANCE.NS,Bajaj Finance
2021-07-06,607.5643920898438,BAJFINANCE.NS,Bajaj Finance
2021-07-07,607.1920166015625,BAJFINANCE.NS,Bajaj Finance
2021-07-08,600.2457275390625,BAJFINANCE.NS,Bajaj Finance
2021-07-09,602.0460205078125,BAJFINANCE.NS,Bajaj Finance
2021-07-12,603.3607788085938,BAJFINANCE.NS,Bajaj Finance
2021-07-13,603.8268432617188,BAJFINANCE.NS,Bajaj Finance
2021-07-14,601.8252563476562,BAJFINANCE.NS,Bajaj Finance
2021-07-15,601.4131469726562,BAJFINANCE.NS,Bajaj Finance
2021-07-16,600.9962158203125,BAJFINANCE.NS,Bajaj Finance
2021-07-19,590.1986694335938,BAJFINANCE.NS,Bajaj Finance
2021-07-20,582.982421875,BAJFINANCE.NS,Bajaj Finance
2021-07-22,607.8740234375,BAJFINANCE.NS,Bajaj Finance
2021-07-23,606.4365844726562,BAJFINANCE.NS,Bajaj Finance
2021-07-26,604.6264038085938,BAJFINANCE.NS,Bajaj Finance
2021-07-27,611.3963623046875,BAJFINANCE.NS,Bajaj Finance
2021-07-28,614.3937377929688,BAJFINANCE.NS,Bajaj Finance
2021-07-29,627.943359375,BAJFINANCE.NS,Bajaj Finance
2021-07-30,611.067626953125,BAJFINANCE.NS,Bajaj Finance
2021-08-02,608.3597412109375,BAJFINANCE.NS,Bajaj Finance
2021-08-03,621.2520141601562,BAJFINANCE.NS,Bajaj Finance
2021-08-04,623.925537109375,BAJFINANCE.NS,Bajaj Finance
2021-08-05,613.0446166992188,BAJFINANCE.NS,Bajaj Finance
2021-08-06,610.69482421875,BAJFINANCE.NS,Bajaj Finance
2021-08-09,607.6385498046875,BAJFINANCE.NS,Bajaj Finance
2021-08-10,605.3770751953125,BAJFINANCE.NS,Bajaj Finance
2021-08-11,605.1513671875,BAJFINANCE.NS,Bajaj Finance
2021-08-12,608.2615356445312,BAJFINANCE.NS,Bajaj Finance
2021-08-13,604.047607421875,BAJFINANCE.NS,Bajaj Finance
2021-08-16,625.6917114257812,BAJFINANCE.NS,Bajaj Finance
2021-08-17,628.9244995117188,BAJFINANCE.NS,Bajaj Finance
2021-08-18,642.0718994140625,BAJFINANCE.NS,Bajaj Finance
2021-08-20,653.5512084960938,BAJFINANCE.NS,Bajaj Finance
2021-08-23,662.4895629882812,BAJFINANCE.NS,Bajaj Finance
2021-08-24,684.849853515625,BAJFINANCE.NS,Bajaj Finance
2021-08-25,681.4010620117188,BAJFINANCE.NS,Bajaj Finance
2021-08-26,680.125732421875,BAJFINANCE.NS,Bajaj Finance
2021-08-27,683.525390625,BAJFINANCE.NS,Bajaj Finance
2021-08-30,703.0403442382812,BAJFINANCE.NS,Bajaj Finance
2021-08-31,738.263427734375,BAJFINANCE.NS,Bajaj Finance
2021-09-01,737.7827758789062,BAJFINANCE.NS,Bajaj Finance
2021-09-02,735.70751953125,BAJFINANCE.NS,Bajaj Finance
2021-09-03,738.1556396484375,BAJFINANCE.NS,Bajaj Finance
2021-09-06,736.482666015625,BAJFINANCE.NS,Bajaj Finance
2021-09-07,731.670166015625,BAJFINANCE.NS,Bajaj Finance
2021-09-08,732.2490234375,BAJFINANCE.NS,Bajaj Finance
2021-09-09,729.055419921875,BAJFINANCE.NS,Bajaj Finance
2021-09-13,730.5172119140625,BAJFINANCE.NS,Bajaj Finance
2021-09-14,727.77001953125,BAJFINANCE.NS,Bajaj Finance
2021-09-15,727.4364624023438,BAJFINANCE.NS,Bajaj Finance
2021-09-16,727.1765747070312,BAJFINANCE.NS,Bajaj Finance
2021-09-17,728.8738403320312,BAJFINANCE.NS,Bajaj Finance
2021-09-20,730.2130737304688,BAJFINANCE.NS,Bajaj Finance
2021-09-21,766.6529541015625,BAJFINANCE.NS,Bajaj Finance
2021-09-22,764.6709594726562,BAJFINANCE.NS,Bajaj Finance
2021-09-23,775.0122680664062,BAJFINANCE.NS,Bajaj Finance
2021-09-24,764.646484375,BAJFINANCE.NS,Bajaj Finance
2021-09-27,764.8475952148438,BAJFINANCE.NS,Bajaj Finance
2021-09-28,740.1080932617188,BAJFINANCE.NS,Bajaj Finance
2021-09-29,737.37060546875,BAJFINANCE.NS,Bajaj Finance
2021-09-30,752.3526611328125,BAJFINANCE.NS,Bajaj Finance
2021-10-01,738.0917358398438,BAJFINANCE.NS,Bajaj Finance
2021-10-04,754.9969482421875,BAJFINANCE.NS,Bajaj Finance
2021-10-05,757.85693359375,BAJFINANCE.NS,Bajaj Finance
2021-10-06,758.9313354492188,BAJFINANCE.NS,Bajaj Finance
2021-10-07,760.1822509765625,BAJFINANCE.NS,Bajaj Finance
2021-10-08,758.641845703125,BAJFINANCE.NS,Bajaj Finance
2021-10-11,766.9718627929688,BAJFINANCE.NS,Bajaj Finance
2021-10-12,770.763916015625,BAJFINANCE.NS,Bajaj Finance
2021-10-13,777.9802856445312,BAJFINANCE.NS,Bajaj Finance
2021-10-14,771.4654541015625,BAJFINANCE.NS,Bajaj Finance
2021-10-18,771.7254638671875,BAJFINANCE.NS,Bajaj Finance
2021-10-19,759.3385009765625,BAJFINANCE.NS,Bajaj Finance
2021-10-20,761.5018920898438,BAJFINANCE.NS,Bajaj Finance
2021-10-21,759.1422729492188,BAJFINANCE.NS,Bajaj Finance
2021-10-22,756.4833984375,BAJFINANCE.NS,Bajaj Finance
2021-10-25,750.2481079101562,BAJFINANCE.NS,Bajaj Finance
2021-10-26,770.7540893554688,BAJFINANCE.NS,Bajaj Finance
2021-10-27,734.1083984375,BAJFINANCE.NS,Bajaj Finance
2021-10-28,734.3143310546875,BAJFINANCE.NS,Bajaj Finance
2021-10-29,726.06787109375,BAJFINANCE.NS,Bajaj Finance
2021-11-01,727.4169311523438,BAJFINANCE.NS,Bajaj Finance
2021-11-02,731.4788208007812,BAJFINANCE.NS,Bajaj Finance
2021-11-03,737.4540405273438,BAJFINANCE.NS,Bajaj Finance
2021-11-04,738.3223876953125,BAJFINANCE.NS,Bajaj Finance
2021-11-08,752.897216796875,BAJFINANCE.NS,Bajaj Finance
2021-11-09,743.4635620117188,BAJFINANCE.NS,Bajaj Finance
2021-11-10,743.85107421875,BAJFINANCE.NS,Bajaj Finance
2021-11-11,731.2188110351562,BAJFINANCE.NS,Bajaj Finance
2021-11-12,743.6204223632812,BAJFINANCE.NS,Bajaj Finance
2021-11-15,739.2200317382812,BAJFINANCE.NS,Bajaj Finance
2021-11-16,741.32470703125,BAJFINANCE.NS,Bajaj Finance
2021-11-17,746.4218139648438,BAJFINANCE.NS,Bajaj Finance
2021-11-18,734.383056640625,BAJFINANCE.NS,Bajaj Finance
2021-11-22,692.5223999023438,BAJFINANCE.NS,Bajaj Finance
2021-11-23,698.0169067382812,BAJFINANCE.NS,Bajaj Finance
2021-11-24,704.197998046875,BAJFINANCE.NS,Bajaj Finance
2021-11-25,699.1452026367188,BAJFINANCE.NS,Bajaj Finance
2021-11-26,667.8712158203125,BAJFINANCE.NS,Bajaj Finance
2021-11-29,677.5549926757812,BAJFINANCE.NS,Bajaj Finance
2021-11-30,686.5324096679688,BAJFINANCE.NS,Bajaj Finance
2021-12-01,690.599365234375,BAJFINANCE.NS,Bajaj Finance
2021-12-02,704.5120239257812,BAJFINANCE.NS,Bajaj Finance
2021-12-03,693.5967407226562,BAJFINANCE.NS,Bajaj Finance
2021-12-06,682.0682983398438,BAJFINANCE.NS,Bajaj Finance
2021-12-07,696.9228515625,BAJFINANCE.NS,Bajaj Finance
2021-12-08,722.2708129882812,BAJFINANCE.NS,Bajaj Finance
2021-12-09,730.0022583007812,BAJFINANCE.NS,Bajaj Finance
2021-12-10,731.19921875,BAJFINANCE.NS,Bajaj Finance
2021-12-13,708.2649536132812,BAJFINANCE.NS,Bajaj Finance
2021-12-14,693.26806640625,BAJFINANCE.NS,Bajaj Finance
2021-12-15,671.8153076171875,BAJFINANCE.NS,Bajaj Finance
2021-12-16,689.6329345703125,BAJFINANCE.NS,Bajaj Finance
2021-12-17,677.0987548828125,BAJFINANCE.NS,Bajaj Finance
2021-12-20,650.9070434570312,BAJFINANCE.NS,Bajaj Finance
2021-12-21,645.3538818359375,BAJFINANCE.NS,Bajaj Finance
2021-12-22,664.353759765625,BAJFINANCE.NS,Bajaj Finance
2021-12-23,678.7324829101562,BAJFINANCE.NS,Bajaj Finance
2021-12-24,672.2813110351562,BAJFINANCE.NS,Bajaj Finance
2021-12-27,676.0833129882812,BAJFINANCE.NS,Bajaj Finance
2021-12-28,677.643310546875,BAJFINANCE.NS,Bajaj Finance
2021-12-29,678.1338500976562,BAJFINANCE.NS,Bajaj Finance
2021-12-30,674.1553344726562,BAJFINANCE.NS,Bajaj Finance
2021-12-31,684.5750732421875,BAJFINANCE.NS,Bajaj Finance
2022-01-03,708.3483276367188,BAJFINANCE.NS,Bajaj Finance
2022-01-04,720.4556884765625,BAJFINANCE.NS,Bajaj Finance
2022-01-05,752.61767578125,BAJFINANCE.NS,Bajaj Finance
2022-01-06,760.2166137695312,BAJFINANCE.NS,Bajaj Finance
2022-01-07,751.4942016601562,BAJFINANCE.NS,Bajaj Finance
2022-01-10,758.5535278320312,BAJFINANCE.NS,Bajaj Finance
2022-01-11,752.5243530273438,BAJFINANCE.NS,Bajaj Finance
2022-01-12,762.7920532226562,BAJFINANCE.NS,Bajaj Finance
2022-01-13,766.11328125,BAJFINANCE.NS,Bajaj Finance
2022-01-14,768.4533081054688,BAJFINANCE.NS,Bajaj Finance
2022-01-17,770.454833984375,BAJFINANCE.NS,Bajaj Finance
2022-01-18,759.799560546875,BAJFINANCE.NS,Bajaj Finance
2022-01-19,742.9041748046875,BAJFINANCE.NS,Bajaj Finance
2022-01-20,738.82763671875,BAJFINANCE.NS,Bajaj Finance
2022-01-21,723.4727172851562,BAJFINANCE.NS,Bajaj Finance
2022-01-24,680.10595703125,BAJFINANCE.NS,Bajaj Finance
2022-01-25,683.2456665039062,BAJFINANCE.NS,Bajaj Finance
2022-01-27,670.8096313476562,BAJFINANCE.NS,Bajaj Finance
2022-01-28,673.777587890625,BAJFINANCE.NS,Bajaj Finance
2022-01-31,686.826904296875,BAJFINANCE.NS,Bajaj Finance
2022-02-01,688.2348022460938,BAJFINANCE.NS,Bajaj Finance
2022-02-02,711.080810546875,BAJFINANCE.NS,Bajaj Finance
2022-02-03,697.6587524414062,BAJFINANCE.NS,Bajaj Finance
2022-02-04,702.34375,BAJFINANCE.NS,Bajaj Finance
2022-02-07,679.9931640625,BAJFINANCE.NS,Bajaj Finance
2022-02-08,692.1986694335938,BAJFINANCE.NS,Bajaj Finance
2022-02-09,698.3161010742188,BAJFINANCE.NS,Bajaj Finance
2022-02-10,700.2440795898438,BAJFINANCE.NS,Bajaj Finance
2022-02-11,687.9404907226562,BAJFINANCE.NS,Bajaj Finance
2022-02-14,665.8008422851562,BAJFINANCE.NS,Bajaj Finance
2022-02-15,700.7395629882812,BAJFINANCE.NS,Bajaj Finance
2022-02-16,693.5330200195312,BAJFINANCE.NS,Bajaj Finance
2022-02-17,694.891845703125,BAJFINANCE.NS,Bajaj Finance
2022-02-18,689.7555541992188,BAJFINANCE.NS,Bajaj Finance
2022-02-21,687.4253540039062,BAJFINANCE.NS,Bajaj Finance
2022-02-22,687.9159545898438,BAJFINANCE.NS,Bajaj Finance
2022-02-23,691.1734008789062,BAJFINANCE.NS,Bajaj Finance
2022-02-24,650.2841186523438,BAJFINANCE.NS,Bajaj Finance
2022-02-25,683.800048828125,BAJFINANCE.NS,Bajaj Finance
2022-02-28,687.0279541015625,BAJFINANCE.NS,Bajaj Finance
2022-03-02,670.2749633789062,BAJFINANCE.NS,Bajaj Finance
2022-03-03,662.1118774414062,BAJFINANCE.NS,Bajaj Finance
2022-03-04,641.463623046875,BAJFINANCE.NS,Bajaj Finance
2022-03-07,600.9520263671875,BAJFINANCE.NS,Bajaj Finance
2022-03-08,604.5675659179688,BAJFINANCE.NS,Bajaj Finance
2022-03-09,635.046875,BAJFINANCE.NS,Bajaj Finance
2022-03-10,646.0750122070312,BAJFINANCE.NS,Bajaj Finance
2022-03-11,650.3037109375,BAJFINANCE.NS,Bajaj Finance
2022-03-14,653.97802734375,BAJFINANCE.NS,Bajaj Finance
2022-03-15,654.0860595703125,BAJFINANCE.NS,Bajaj Finance
2022-03-16,671.162841796875,BAJFINANCE.NS,Bajaj Finance
2022-03-17,686.2529296875,BAJFINANCE.NS,Bajaj Finance
2022-03-21,674.086669921875,BAJFINANCE.NS,Bajaj Finance
2022-03-22,685.4091186523438,BAJFINANCE.NS,Bajaj Finance
2022-03-23,687.2733154296875,BAJFINANCE.NS,Bajaj Finance
2022-03-24,686.56201171875,BAJFINANCE.NS,Bajaj Finance
2022-03-25,684.2023315429688,BAJFINANCE.NS,Bajaj Finance
2022-03-28,686.939697265625,BAJFINANCE.NS,Bajaj Finance
2022-03-29,690.6631469726562,BAJFINANCE.NS,Bajaj Finance
2022-03-30,711.5125122070312,BAJFINANCE.NS,Bajaj Finance
2022-03-31,712.3073120117188,BAJFINANCE.NS,Bajaj Finance
2022-04-01,726.8429565429688,BAJFINANCE.NS,Bajaj Finance
2022-04-04,734.9422607421875,BAJFINANCE.NS,Bajaj Finance
2022-04-05,724.9149169921875,BAJFINANCE.NS,Bajaj Finance
2022-04-06,720.8432006835938,BAJFINANCE.NS,Bajaj Finance
2022-04-07,715.2752075195312,BAJFINANCE.NS,Bajaj Finance
2022-04-08,722.7711791992188,BAJFINANCE.NS,Bajaj Finance
2022-04-11,719.8325805664062,BAJFINANCE.NS,Bajaj Finance
2022-04-12,713.73486328125,BAJFINANCE.NS,Bajaj Finance
2022-04-13,719.0280151367188,BAJFINANCE.NS,Bajaj Finance
2022-04-18,712.4544677734375,BAJFINANCE.NS,Bajaj Finance
2022-04-19,712.26806640625,BAJFINANCE.NS,Bajaj Finance
2022-04-20,689.9910888671875,BAJFINANCE.NS,Bajaj Finance
2022-04-21,700.3519897460938,BAJFINANCE.NS,Bajaj Finance
2022-04-22,697.6685180664062,BAJFINANCE.NS,Bajaj Finance
2022-04-25,687.3419189453125,BAJFINANCE.NS,Bajaj Finance
2022-04-26,710.4037475585938,BAJFINANCE.NS,Bajaj Finance
2022-04-27,658.7514038085938,BAJFINANCE.NS,Bajaj Finance
2022-04-28,660.080810546875,BAJFINANCE.NS,Bajaj Finance
2022-04-29,654.6011352539062,BAJFINANCE.NS,Bajaj Finance
2022-05-02,650.1221923828125,BAJFINANCE.NS,Bajaj Finance
2022-05-04,622.022216796875,BAJFINANCE.NS,Bajaj Finance
2022-05-05,619.0492553710938,BAJFINANCE.NS,Bajaj Finance
2022-05-06,588.7172241210938,BAJFINANCE.NS,Bajaj Finance
2022-05-09,592.3130493164062,BAJFINANCE.NS,Bajaj Finance
2022-05-10,581.66748046875,BAJFINANCE.NS,Bajaj Finance
2022-05-11,569.7515869140625,BAJFINANCE.NS,Bajaj Finance
2022-05-12,548.7943115234375,BAJFINANCE.NS,Bajaj Finance
2022-05-13,541.1757202148438,BAJFINANCE.NS,Bajaj Finance
2022-05-16,553.8963012695312,BAJFINANCE.NS,Bajaj Finance
2022-05-17,572.7244262695312,BAJFINANCE.NS,Bajaj Finance
2022-05-18,570.5562133789062,BAJFINANCE.NS,Bajaj Finance
2022-05-19,559.9401245117188,BAJFINANCE.NS,Bajaj Finance
2022-05-20,566.0821533203125,BAJFINANCE.NS,Bajaj Finance
2022-05-23,568.4761962890625,BAJFINANCE.NS,Bajaj Finance
2022-05-24,568.9470825195312,BAJFINANCE.NS,Bajaj Finance
2022-05-25,571.7531127929688,BAJFINANCE.NS,Bajaj Finance
2022-05-26,570.811279296875,BAJFINANCE.NS,Bajaj Finance
2022-05-27,588.0499877929688,BAJFINANCE.NS,Bajaj Finance
2022-05-30,599.5980224609375,BAJFINANCE.NS,Bajaj Finance
2022-05-31,596.7478637695312,BAJFINANCE.NS,Bajaj Finance
2022-06-01,589.68359375,BAJFINANCE.NS,Bajaj Finance
2022-06-02,594.3635864257812,BAJFINANCE.NS,Bajaj Finance
2022-06-03,591.4544677734375,BAJFINANCE.NS,Bajaj Finance
2022-06-06,590.7481079101562,BAJFINANCE.NS,Bajaj Finance
2022-06-07,576.776611328125,BAJFINANCE.NS,Bajaj Finance
2022-06-08,584.2039184570312,BAJFINANCE.NS,Bajaj Finance
2022-06-09,578.7340087890625,BAJFINANCE.NS,Bajaj Finance
2022-06-10,556.0645751953125,BAJFINANCE.NS,Bajaj Finance
2022-06-13,525.7227172851562,BAJFINANCE.NS,Bajaj Finance
2022-06-14,527.439697265625,BAJFINANCE.NS,Bajaj Finance
2022-06-15,538.1537475585938,BAJFINANCE.NS,Bajaj Finance
2022-06-16,518.4278564453125,BAJFINANCE.NS,Bajaj Finance
2022-06-17,531.737060546875,BAJFINANCE.NS,Bajaj Finance
2022-06-20,536.7311401367188,BAJFINANCE.NS,Bajaj Finance
2022-06-21,544.4527587890625,BAJFINANCE.NS,Bajaj Finance
2022-06-22,533.7042236328125,BAJFINANCE.NS,Bajaj Finance
2022-06-23,534.5431518554688,BAJFINANCE.NS,Bajaj Finance
2022-06-24,548.239990234375,BAJFINANCE.NS,Bajaj Finance
2022-06-27,553.4841918945312,BAJFINANCE.NS,Bajaj Finance
2022-06-28,547.1116333007812,BAJFINANCE.NS,Bajaj Finance
2022-06-29,540.8863525390625,BAJFINANCE.NS,Bajaj Finance
2022-06-30,531.7972412109375,BAJFINANCE.NS,Bajaj Finance
2022-07-01,552.8605346679688,BAJFINANCE.NS,Bajaj Finance
2022-07-04,554.4262084960938,BAJFINANCE.NS,Bajaj Finance
2022-07-05,557.4590454101562,BAJFINANCE.NS,Bajaj Finance
2022-07-06,582.6284790039062,BAJFINANCE.NS,Bajaj Finance
2022-07-07,577.1140747070312,BAJFINANCE.NS,Bajaj Finance
2022-07-08,578.344970703125,BAJFINANCE.NS,Bajaj Finance
2022-07-11,577.19287109375,BAJFINANCE.NS,Bajaj Finance
2022-07-12,578.3794555664062,BAJFINANCE.NS,Bajaj Finance
2022-07-13,578.90625,BAJFINANCE.NS,Bajaj Finance
2022-07-14,574.1747436523438,BAJFINANCE.NS,Bajaj Finance
2022-07-15,582.4807739257812,BAJFINANCE.NS,Bajaj Finance
2022-07-18,596.7197875976562,BAJFINANCE.NS,Bajaj Finance
2022-07-19,597.3253784179688,BAJFINANCE.NS,Bajaj Finance
2022-07-20,598.1575317382812,BAJFINANCE.NS,Bajaj Finance
2022-07-21,617.1134033203125,BAJFINANCE.NS,Bajaj Finance
2022-07-22,616.2615356445312,BAJFINANCE.NS,Bajaj Finance
2022-07-25,613.184326171875,BAJFINANCE.NS,Bajaj Finance
2022-07-26,616.8720703125,BAJFINANCE.NS,Bajaj Finance
2022-07-27,629.8605346679688,BAJFINANCE.NS,Bajaj Finance
2022-07-28,696.8460083007812,BAJFINANCE.NS,Bajaj Finance
2022-07-29,709.8934326171875,BAJFINANCE.NS,Bajaj Finance
2022-08-01,715.0042114257812,BAJFINANCE.NS,Bajaj Finance
2022-08-02,722.9705810546875,BAJFINANCE.NS,Bajaj Finance
2022-08-03,718.4852294921875,BAJFINANCE.NS,Bajaj Finance
2022-08-04,720.484130859375,BAJFINANCE.NS,Bajaj Finance
2022-08-05,719.3074951171875,BAJFINANCE.NS,Bajaj Finance
2022-08-08,723.0001220703125,BAJFINANCE.NS,Bajaj Finance
2022-08-10,704.0147094726562,BAJFINANCE.NS,Bajaj Finance
2022-08-11,720.7106323242188,BAJFINANCE.NS,Bajaj Finance
2022-08-12,719.770263671875,BAJFINANCE.NS,Bajaj Finance
2022-08-16,717.4758911132812,BAJFINANCE.NS,Bajaj Finance
2022-08-17,741.2075805664062,BAJFINANCE.NS,Bajaj Finance
2022-08-18,737.3819580078125,BAJFINANCE.NS,Bajaj Finance
2022-08-19,719.0120239257812,BAJFINANCE.NS,Bajaj Finance
2022-08-22,699.3668823242188,BAJFINANCE.NS,Bajaj Finance
2022-08-23,709.7556762695312,BAJFINANCE.NS,Bajaj Finance
2022-08-24,706.7227172851562,BAJFINANCE.NS,Bajaj Finance
2022-08-25,693.9459838867188,BAJFINANCE.NS,Bajaj Finance
2022-08-26,695.418212890625,BAJFINANCE.NS,Bajaj Finance
2022-08-29,685.7925415039062,BAJFINANCE.NS,Bajaj Finance
2022-08-30,719.4600830078125,BAJFINANCE.NS,Bajaj Finance
2022-09-01,707.1559448242188,BAJFINANCE.NS,Bajaj Finance
2022-09-02,708.047119140625,BAJFINANCE.NS,Bajaj Finance
2022-09-05,708.623291015625,BAJFINANCE.NS,Bajaj Finance
2022-09-06,701.0556640625,BAJFINANCE.NS,Bajaj Finance
2022-09-07,705.6986694335938,BAJFINANCE.NS,Bajaj Finance
2022-09-08,714.6743774414062,BAJFINANCE.NS,Bajaj Finance
2022-09-09,707.1166381835938,BAJFINANCE.NS,Bajaj Finance
2022-09-12,717.5546264648438,BAJFINANCE.NS,Bajaj Finance
2022-09-13,729.031494140625,BAJFINANCE.NS,Bajaj Finance
2022-09-14,736.9092407226562,BAJFINANCE.NS,Bajaj Finance
2022-09-15,727.3427124023438,BAJFINANCE.NS,Bajaj Finance
2022-09-16,716.294189453125,BAJFINANCE.NS,Bajaj Finance
2022-09-19,738.1549072265625,BAJFINANCE.NS,Bajaj Finance
2022-09-20,751.8720703125,BAJFINANCE.NS,Bajaj Finance
2022-09-21,757.3126220703125,BAJFINANCE.NS,Bajaj Finance
2022-09-22,760.1585083007812,BAJFINANCE.NS,Bajaj Finance
2022-09-23,739.2431030273438,BAJFINANCE.NS,Bajaj Finance
2022-09-26,714.8565063476562,BAJFINANCE.NS,Bajaj Finance
2022-09-27,713.2169189453125,BAJFINANCE.NS,Bajaj Finance
2022-09-28,709.24365234375,BAJFINANCE.NS,Bajaj Finance
2022-09-29,699.617919921875,BAJFINANCE.NS,Bajaj Finance
2022-09-30,722.3649291992188,BAJFINANCE.NS,Bajaj Finance
2022-10-03,706.2205200195312,BAJFINANCE.NS,Bajaj Finance
2022-10-04,737.42626953125,BAJFINANCE.NS,Bajaj Finance
2022-10-06,729.1004028320312,BAJFINANCE.NS,Bajaj Finance
2022-10-07,723.2906494140625,BAJFINANCE.NS,Bajaj Finance
2022-10-10,718.1947021484375,BAJFINANCE.NS,Bajaj Finance
2022-10-11,709.2731323242188,BAJFINANCE.NS,Bajaj Finance
2022-10-12,711.577392578125,BAJFINANCE.NS,Bajaj Finance
2022-10-13,704.236328125,BAJFINANCE.NS,Bajaj Finance
2022-10-14,716.1366577148438,BAJFINANCE.NS,Bajaj Finance
2022-10-17,724.2803344726562,BAJFINANCE.NS,Bajaj Finance
2022-10-18,727.7464599609375,BAJFINANCE.NS,Bajaj Finance
2022-10-19,726.76171875,BAJFINANCE.NS,Bajaj Finance
2022-10-20,731.8822631835938,BAJFINANCE.NS,Bajaj Finance
2022-10-21,708.2835693359375,BAJFINANCE.NS,Bajaj Finance
2022-10-24,709.6375122070312,BAJFINANCE.NS,Bajaj Finance
2022-10-25,699.435791015625,BAJFINANCE.NS,Bajaj Finance
2022-10-27,686.4571533203125,BAJFINANCE.NS,Bajaj Finance
2022-10-28,689.9776000976562,BAJFINANCE.NS,Bajaj Finance
2022-10-31,703.4927978515625,BAJFINANCE.NS,Bajaj Finance
2022-11-01,709.9329833984375,BAJFINANCE.NS,Bajaj Finance
2022-11-02,704.6843872070312,BAJFINANCE.NS,Bajaj Finance
2022-11-03,701.2772216796875,BAJFINANCE.NS,Bajaj Finance
2022-11-04,710.1791381835938,BAJFINANCE.NS,Bajaj Finance
2022-11-07,708.0177001953125,BAJFINANCE.NS,Bajaj Finance
2022-11-09,703.4830322265625,BAJFINANCE.NS,Bajaj Finance
2022-11-10,686.8511352539062,BAJFINANCE.NS,Bajaj Finance
2022-11-11,694.3694458007812,BAJFINANCE.NS,Bajaj Finance
2022-11-14,691.8436889648438,BAJFINANCE.NS,Bajaj Finance
2022-11-15,691.8387451171875,BAJFINANCE.NS,Bajaj Finance
2022-11-16,678.968505859375,BAJFINANCE.NS,Bajaj Finance
2022-11-17,678.968505859375,BAJFINANCE.NS,Bajaj Finance
2022-11-18,668.7716674804688,BAJFINANCE.NS,Bajaj Finance
2022-11-21,657.7034301757812,BAJFINANCE.NS,Bajaj Finance
2022-11-22,658.289306640625,BAJFINANCE.NS,Bajaj Finance
2022-11-23,667.6441650390625,BAJFINANCE.NS,Bajaj Finance
2022-11-24,666.7874145507812,BAJFINANCE.NS,Bajaj Finance
2022-11-25,664.4389038085938,BAJFINANCE.NS,Bajaj Finance
2022-11-28,667.38818359375,BAJFINANCE.NS,Bajaj Finance
2022-11-29,663.124267578125,BAJFINANCE.NS,Bajaj Finance
2022-11-30,661.824462890625,BAJFINANCE.NS,Bajaj Finance
2022-12-01,664.4635620117188,BAJFINANCE.NS,Bajaj Finance
2022-12-02,657.3735961914062,BAJFINANCE.NS,Bajaj Finance
2022-12-05,655.866943359375,BAJFINANCE.NS,Bajaj Finance
2022-12-06,659.6187133789062,BAJFINANCE.NS,Bajaj Finance
2022-12-07,652.3958129882812,BAJFINANCE.NS,Bajaj Finance
2022-12-08,648.1369018554688,BAJFINANCE.NS,Bajaj Finance
2022-12-09,641.7855224609375,BAJFINANCE.NS,Bajaj Finance
2022-12-12,640.7072143554688,BAJFINANCE.NS,Bajaj Finance
2022-12-13,651.8936157226562,BAJFINANCE.NS,Bajaj Finance
2022-12-14,655.3499145507812,BAJFINANCE.NS,Bajaj Finance
2022-12-15,652.41552734375,BAJFINANCE.NS,Bajaj Finance
2022-12-16,649.6090698242188,BAJFINANCE.NS,Bajaj Finance
2022-12-19,658.4813232421875,BAJFINANCE.NS,Bajaj Finance
2022-12-20,654.1337890625,BAJFINANCE.NS,Bajaj Finance
2022-12-21,642.6962890625,BAJFINANCE.NS,Bajaj Finance
2022-12-22,639.1464233398438,BAJFINANCE.NS,Bajaj Finance
2022-12-23,627.7188110351562,BAJFINANCE.NS,Bajaj Finance
2022-12-26,633.5384521484375,BAJFINANCE.NS,Bajaj Finance
2022-12-27,640.5299682617188,BAJFINANCE.NS,Bajaj Finance
2022-12-28,637.713623046875,BAJFINANCE.NS,Bajaj Finance
2022-12-29,641.1405639648438,BAJFINANCE.NS,Bajaj Finance
2022-12-30,647.4722290039062,BAJFINANCE.NS,Bajaj Finance
2023-01-02,645.3599853515625,BAJFINANCE.NS,Bajaj Finance
2023-01-03,650.52978515625,BAJFINANCE.NS,Bajaj Finance
2023-01-04,647.05859375,BAJFINANCE.NS,Bajaj Finance
2023-01-05,600.683349609375,BAJFINANCE.NS,Bajaj Finance
2023-01-06,588.9010620117188,BAJFINANCE.NS,Bajaj Finance
2023-01-09,590.1763916015625,BAJFINANCE.NS,Bajaj Finance
2023-01-10,581.3927001953125,BAJFINANCE.NS,Bajaj Finance
2023-01-11,580.5654907226562,BAJFINANCE.NS,Bajaj Finance
2023-01-12,580.8264770507812,BAJFINANCE.NS,Bajaj Finance
2023-01-13,588.6450805664062,BAJFINANCE.NS,Bajaj Finance
2023-01-16,591.904541015625,BAJFINANCE.NS,Bajaj Finance
2023-01-17,589.3491821289062,BAJFINANCE.NS,Bajaj Finance
2023-01-18,590.6982421875,BAJFINANCE.NS,Bajaj Finance
2023-01-19,592.05712890625,BAJFINANCE.NS,Bajaj Finance
2023-01-20,577.08447265625,BAJFINANCE.NS,Bajaj Finance
2023-01-23,577.3405151367188,BAJFINANCE.NS,Bajaj Finance
2023-01-24,576.5577392578125,BAJFINANCE.NS,Bajaj Finance
2023-01-25,570.7330932617188,BAJFINANCE.NS,Bajaj Finance
2023-01-27,567.2669067382812,BAJFINANCE.NS,Bajaj Finance
2023-01-30,592.977783203125,BAJFINANCE.NS,Bajaj Finance
2023-01-31,579.6448364257812,BAJFINANCE.NS,Bajaj Finance
2023-02-01,572.83056640625,BAJFINANCE.NS,Bajaj Finance
2023-02-02,563.0276489257812,BAJFINANCE.NS,Bajaj Finance
2023-02-03,592.2344360351562,BAJFINANCE.NS,Bajaj Finance
2023-02-06,601.0919799804688,BAJFINANCE.NS,Bajaj Finance
2023-02-07,606.6408081054688,BAJFINANCE.NS,Bajaj Finance
2023-02-08,625.4588012695312,BAJFINANCE.NS,Bajaj Finance
2023-02-09,635.6359252929688,BAJFINANCE.NS,Bajaj Finance
2023-02-10,633.7156372070312,BAJFINANCE.NS,Bajaj Finance
2023-02-13,624.8532104492188,BAJFINANCE.NS,Bajaj Finance
2023-02-14,636.0003051757812,BAJFINANCE.NS,Bajaj Finance
2023-02-15,639.0775146484375,BAJFINANCE.NS,Bajaj Finance
2023-02-16,633.8929443359375,BAJFINANCE.NS,Bajaj Finance
2023-02-17,631.8644409179688,BAJFINANCE.NS,Bajaj Finance
2023-02-20,627.0097045898438,BAJFINANCE.NS,Bajaj Finance
2023-02-21,628.1765747070312,BAJFINANCE.NS,Bajaj Finance
2023-02-22,610.392578125,BAJFINANCE.NS,Bajaj Finance
2023-02-23,610.7569580078125,BAJFINANCE.NS,Bajaj Finance
2023-02-24,614.09521484375,BAJFINANCE.NS,Bajaj Finance
2023-02-27,609.9839477539062,BAJFINANCE.NS,Bajaj Finance
2023-02-28,601.869873046875,BAJFINANCE.NS,Bajaj Finance
2023-03-01,606.0795288085938,BAJFINANCE.NS,Bajaj Finance
2023-03-02,599.0043334960938,BAJFINANCE.NS,Bajaj Finance
2023-03-03,600.683349609375,BAJFINANCE.NS,Bajaj Finance
2023-03-06,604.1101684570312,BAJFINANCE.NS,Bajaj Finance
2023-03-08,590.52099609375,BAJFINANCE.NS,Bajaj Finance
2023-03-09,581.112060546875,BAJFINANCE.NS,Bajaj Finance
2023-03-10,578.4385375976562,BAJFINANCE.NS,Bajaj Finance
2023-03-13,574.4405517578125,BAJFINANCE.NS,Bajaj Finance
2023-03-14,564.3964233398438,BAJFINANCE.NS,Bajaj Finance
2023-03-15,563.135986328125,BAJFINANCE.NS,Bajaj Finance
2023-03-16,562.776611328125,BAJFINANCE.NS,Bajaj Finance
2023-03-17,564.4752197265625,BAJFINANCE.NS,Bajaj Finance
2023-03-20,546.59765625,BAJFINANCE.NS,Bajaj Finance
2023-03-21,562.2841796875,BAJFINANCE.NS,Bajaj Finance
2023-03-22,574.5045166015625,BAJFINANCE.NS,Bajaj Finance
2023-03-23,574.3912963867188,BAJFINANCE.NS,Bajaj Finance
2023-03-24,556.2921752929688,BAJFINANCE.NS,Bajaj Finance
2023-03-27,550.7581176757812,BAJFINANCE.NS,Bajaj Finance
2023-03-28,544.9876098632812,BAJFINANCE.NS,Bajaj Finance
2023-03-29,553.9239501953125,BAJFINANCE.NS,Bajaj Finance
2023-03-31,553.091796875,BAJFINANCE.NS,Bajaj Finance
2023-04-03,562.7716674804688,BAJFINANCE.NS,Bajaj Finance
2023-04-05,567.325927734375,BAJFINANCE.NS,Bajaj Finance
2023-04-06,584.1547241210938,BAJFINANCE.NS,Bajaj Finance
2023-04-10,573.9728393554688,BAJFINANCE.NS,Bajaj Finance
2023-04-11,574.8541259765625,BAJFINANCE.NS,Bajaj Finance
2023-04-12,576.7447509765625,BAJFINANCE.NS,Bajaj Finance
2023-04-13,581.4222412109375,BAJFINANCE.NS,Bajaj Finance
2023-04-17,587.03515625,BAJFINANCE.NS,Bajaj Finance
2023-04-18,582.5250244140625,BAJFINANCE.NS,Bajaj Finance
2023-04-19,585.6860961914062,BAJFINANCE.NS,Bajaj Finance
2023-04-20,582.234619140625,BAJFINANCE.NS,Bajaj Finance
2023-04-21,584.7161254882812,BAJFINANCE.NS,Bajaj Finance
2023-04-24,584.3074340820312,BAJFINANCE.NS,Bajaj Finance
2023-04-25,598.2412109375,BAJFINANCE.NS,Bajaj Finance
2023-04-26,596.3406982421875,BAJFINANCE.NS,Bajaj Finance
2023-04-27,610.530517578125,BAJFINANCE.NS,Bajaj Finance
2023-04-28,618.4132080078125,BAJFINANCE.NS,Bajaj Finance
2023-05-02,615.3654174804688,BAJFINANCE.NS,Bajaj Finance
2023-05-03,608.5807495117188,BAJFINANCE.NS,Bajaj Finance
2023-05-04,629.2598876953125,BAJFINANCE.NS,Bajaj Finance
2023-05-05,629.220458984375,BAJFINANCE.NS,Bajaj Finance
2023-05-08,655.6207275390625,BAJFINANCE.NS,Bajaj Finance
2023-05-09,645.2122192382812,BAJFINANCE.NS,Bajaj Finance
2023-05-10,653.0162353515625,BAJFINANCE.NS,Bajaj Finance
2023-05-11,656.1622924804688,BAJFINANCE.NS,Bajaj Finance
2023-05-12,661.1795043945312,BAJFINANCE.NS,Bajaj Finance
2023-05-15,660.9727172851562,BAJFINANCE.NS,Bajaj Finance
2023-05-16,668.0922241210938,BAJFINANCE.NS,Bajaj Finance
2023-05-17,660.2587890625,BAJFINANCE.NS,Bajaj Finance
2023-05-18,668.56494140625,BAJFINANCE.NS,Bajaj Finance
2023-05-19,668.0527954101562,BAJFINANCE.NS,Bajaj Finance
2023-05-22,668.92431640625,BAJFINANCE.NS,Bajaj Finance
2023-05-23,667.6934204101562,BAJFINANCE.NS,Bajaj Finance
2023-05-24,668.22509765625,BAJFINANCE.NS,Bajaj Finance
2023-05-25,673.6607666015625,BAJFINANCE.NS,Bajaj Finance
2023-05-26,679.8989868164062,BAJFINANCE.NS,Bajaj Finance
2023-05-29,682.6119384765625,BAJFINANCE.NS,Bajaj Finance
2023-05-30,689.874267578125,BAJFINANCE.NS,Bajaj Finance
2023-05-31,688.3035278320312,BAJFINANCE.NS,Bajaj Finance
2023-06-01,693.2911376953125,BAJFINANCE.NS,Bajaj Finance
2023-06-02,691.6565551757812,BAJFINANCE.NS,Bajaj Finance
2023-06-05,693.55712890625,BAJFINANCE.NS,Bajaj Finance
2023-06-06,700.52392578125,BAJFINANCE.NS,Bajaj Finance
2023-06-07,697.1758422851562,BAJFINANCE.NS,Bajaj Finance
2023-06-08,690.297607421875,BAJFINANCE.NS,Bajaj Finance
2023-06-09,692.9613647460938,BAJFINANCE.NS,Bajaj Finance
2023-06-12,698.923828125,BAJFINANCE.NS,Bajaj Finance
2023-06-13,705.7232055664062,BAJFINANCE.NS,Bajaj Finance
2023-06-14,698.840087890625,BAJFINANCE.NS,Bajaj Finance
2023-06-15,701.7695922851562,BAJFINANCE.NS,Bajaj Finance
2023-06-16,709.3125,BAJFINANCE.NS,Bajaj Finance
2023-06-19,727.3329467773438,BAJFINANCE.NS,Bajaj Finance
2023-06-20,713.8028564453125,BAJFINANCE.NS,Bajaj Finance
2023-06-21,709.60302734375,BAJFINANCE.NS,Bajaj Finance
2023-06-22,692.2572631835938,BAJFINANCE.NS,Bajaj Finance
2023-06-23,688.283935546875,BAJFINANCE.NS,Bajaj Finance
2023-06-26,689.1749877929688,BAJFINANCE.NS,Bajaj Finance
2023-06-27,691.1986694335938,BAJFINANCE.NS,Bajaj Finance
2023-06-28,698.1852416992188,BAJFINANCE.NS,Bajaj Finance
2023-06-30,708.1138305664062,BAJFINANCE.NS,Bajaj Finance
2023-07-03,725.1624755859375,BAJFINANCE.NS,Bajaj Finance
2023-07-04,777.3221435546875,BAJFINANCE.NS,Bajaj Finance
2023-07-05,775.17626953125,BAJFINANCE.NS,Bajaj Finance
2023-07-06,768.0067138671875,BAJFINANCE.NS,Bajaj Finance
2023-07-07,753.7764282226562,BAJFINANCE.NS,Bajaj Finance
2023-07-10,744.9652709960938,BAJFINANCE.NS,Bajaj Finance
2023-07-11,736.1392822265625,BAJFINANCE.NS,Bajaj Finance
2023-07-12,734.94775390625,BAJFINANCE.NS,Bajaj Finance
2023-07-13,739.1654052734375,BAJFINANCE.NS,Bajaj Finance
2023-07-14,739.9317626953125,BAJFINANCE.NS,Bajaj Finance
2023-07-17,742.760009765625,BAJFINANCE.NS,Bajaj Finance
2023-07-18,733.7659301757812,BAJFINANCE.NS,Bajaj Finance
2023-07-19,750.0531005859375,BAJFINANCE.NS,Bajaj Finance
2023-07-20,751.2299194335938,BAJFINANCE.NS,Bajaj Finance
2023-07-21,749.761474609375,BAJFINANCE.NS,Bajaj Finance
2023-07-24,749.7466430664062,BAJFINANCE.NS,Bajaj Finance
2023-07-25,752.2040405273438,BAJFINANCE.NS,Bajaj Finance
2023-07-26,735.0663452148438,BAJFINANCE.NS,Bajaj Finance
2023-07-27,720.3267822265625,BAJFINANCE.NS,Bajaj Finance
2023-07-28,729.9685668945312,BAJFINANCE.NS,Bajaj Finance
2023-07-31,721.9288330078125,BAJFINANCE.NS,Bajaj Finance
2023-08-01,718.9027709960938,BAJFINANCE.NS,Bajaj Finance
2023-08-02,712.351318359375,BAJFINANCE.NS,Bajaj Finance
2023-08-03,702.94677734375,BAJFINANCE.NS,Bajaj Finance
2023-08-04,706.93701171875,BAJFINANCE.NS,Bajaj Finance
2023-08-07,704.3115234375,BAJFINANCE.NS,Bajaj Finance
2023-08-08,709.3993530273438,BAJFINANCE.NS,Bajaj Finance
2023-08-09,704.6279296875,BAJFINANCE.NS,Bajaj Finance
2023-08-10,706.4573974609375,BAJFINANCE.NS,Bajaj Finance
2023-08-11,698.2247924804688,BAJFINANCE.NS,Bajaj Finance
2023-08-14,694.0170288085938,BAJFINANCE.NS,Bajaj Finance
2023-08-16,690.402587890625,BAJFINANCE.NS,Bajaj Finance
2023-08-17,684.6422119140625,BAJFINANCE.NS,Bajaj Finance
2023-08-18,678.5950927734375,BAJFINANCE.NS,Bajaj Finance
2023-08-21,696.9985961914062,BAJFINANCE.NS,Bajaj Finance
2023-08-22,699.1494140625,BAJFINANCE.NS,Bajaj Finance
2023-08-23,703.747802734375,BAJFINANCE.NS,Bajaj Finance
2023-08-24,705.824462890625,BAJFINANCE.NS,Bajaj Finance
2023-08-25,713.1473388671875,BAJFINANCE.NS,Bajaj Finance
2023-08-28,715.5306396484375,BAJFINANCE.NS,Bajaj Finance
2023-08-29,721.241455078125,BAJFINANCE.NS,Bajaj Finance
2023-08-30,718.7445068359375,BAJFINANCE.NS,Bajaj Finance
2023-08-31,708.3511352539062,BAJFINANCE.NS,Bajaj Finance
2023-09-01,723.9362182617188,BAJFINANCE.NS,Bajaj Finance
2023-09-04,718.9571533203125,BAJFINANCE.NS,Bajaj Finance
2023-09-05,726.3590698242188,BAJFINANCE.NS,Bajaj Finance
2023-09-06,730.5817260742188,BAJFINANCE.NS,Bajaj Finance
2023-09-07,728.1489868164062,BAJFINANCE.NS,Bajaj Finance
2023-09-08,732.8413696289062,BAJFINANCE.NS,Bajaj Finance
2023-09-11,730.96240234375,BAJFINANCE.NS,Bajaj Finance
2023-09-12,734.8834228515625,BAJFINANCE.NS,Bajaj Finance
2023-09-13,739.2940063476562,BAJFINANCE.NS,Bajaj Finance
2023-09-14,741.113525390625,BAJFINANCE.NS,Bajaj Finance
2023-09-15,740.9058227539062,BAJFINANCE.NS,Bajaj Finance
2023-09-18,746.4882202148438,BAJFINANCE.NS,Bajaj Finance
2023-09-20,745.533935546875,BAJFINANCE.NS,Bajaj Finance
2023-09-21,740.11474609375,BAJFINANCE.NS,Bajaj Finance
2023-09-22,738.843994140625,BAJFINANCE.NS,Bajaj Finance
2023-09-25,773.3072509765625,BAJFINANCE.NS,Bajaj Finance
2023-09-26,778.3308715820312,BAJFINANCE.NS,Bajaj Finance
2023-09-27,775.0576171875,BAJFINANCE.NS,Bajaj Finance
2023-09-28,765.31201171875,BAJFINANCE.NS,Bajaj Finance
2023-09-29,772.4073486328125,BAJFINANCE.NS,Bajaj Finance
2023-10-03,787.9182739257812,BAJFINANCE.NS,Bajaj Finance
2023-10-04,776.6893920898438,BAJFINANCE.NS,Bajaj Finance
2023-10-05,776.3778076171875,BAJFINANCE.NS,Bajaj Finance
2023-10-06,807.7902221679688,BAJFINANCE.NS,Bajaj Finance
2023-10-09,793.8616333007812,BAJFINANCE.NS,Bajaj Finance
2023-10-10,799.3895874023438,BAJFINANCE.NS,Bajaj Finance
2023-10-11,801.2042236328125,BAJFINANCE.NS,Bajaj Finance
2023-10-12,792.5364379882812,BAJFINANCE.NS,Bajaj Finance
2023-10-13,796.22998046875,BAJFINANCE.NS,Bajaj Finance
2023-10-16,794.682373046875,BAJFINANCE.NS,Bajaj Finance
2023-10-17,800.319091796875,BAJFINANCE.NS,Bajaj Finance
2023-10-18,777.9254760742188,BAJFINANCE.NS,Bajaj Finance
2023-10-19,775.4531860351562,BAJFINANCE.NS,Bajaj Finance
2023-10-20,768.2984619140625,BAJFINANCE.NS,Bajaj Finance
2023-10-23,771.2355346679688,BAJFINANCE.NS,Bajaj Finance
2023-10-25,760.9064331054688,BAJFINANCE.NS,Bajaj Finance
2023-10-26,733.9439086914062,BAJFINANCE.NS,Bajaj Finance
2023-10-27,742.38916015625,BAJFINANCE.NS,Bajaj Finance
2023-10-30,741.978759765625,BAJFINANCE.NS,Bajaj Finance
2023-10-31,740.9503173828125,BAJFINANCE.NS,Bajaj Finance
2023-11-01,738.8983764648438,BAJFINANCE.NS,Bajaj Finance
2023-11-02,736.6436767578125,BAJFINANCE.NS,Bajaj Finance
2023-11-03,732.9254150390625,BAJFINANCE.NS,Bajaj Finance
2023-11-06,747.8133544921875,BAJFINANCE.NS,Bajaj Finance
2023-11-07,741.2420654296875,BAJFINANCE.NS,Bajaj Finance
2023-11-08,737.7166137695312,BAJFINANCE.NS,Bajaj Finance
2023-11-09,730.472900390625,BAJFINANCE.NS,Bajaj Finance
2023-11-10,736.2184448242188,BAJFINANCE.NS,Bajaj Finance
2023-11-13,727.9166870117188,BAJFINANCE.NS,Bajaj Finance
2023-11-15,714.4131469726562,BAJFINANCE.NS,Bajaj Finance
2023-11-16,728.0748291015625,BAJFINANCE.NS,Bajaj Finance
2023-11-17,714.0867919921875,BAJFINANCE.NS,Bajaj Finance
2023-11-20,699.0159301757812,BAJFINANCE.NS,Bajaj Finance
2023-11-21,702.4326171875,BAJFINANCE.NS,Bajaj Finance
2023-11-22,704.9246215820312,BAJFINANCE.NS,Bajaj Finance
2023-11-23,699.5153198242188,BAJFINANCE.NS,Bajaj Finance
2023-11-24,694.2889404296875,BAJFINANCE.NS,Bajaj Finance
2023-11-28,704.8455200195312,BAJFINANCE.NS,Bajaj Finance
2023-11-29,705.09765625,BAJFINANCE.NS,Bajaj Finance
2023-11-30,704.2867431640625,BAJFINANCE.NS,Bajaj Finance
2023-12-01,717.8792114257812,BAJFINANCE.NS,Bajaj Finance
2023-12-04,732.544677734375,BAJFINANCE.NS,Bajaj Finance
2023-12-05,726.8238525390625,BAJFINANCE.NS,Bajaj Finance
2023-12-06,734.4681396484375,BAJFINANCE.NS,Bajaj Finance
2023-12-07,730.9179077148438,BAJFINANCE.NS,Bajaj Finance
2023-12-08,722.6506958007812,BAJFINANCE.NS,Bajaj Finance
2023-12-11,721.1821899414062,BAJFINANCE.NS,Bajaj Finance
2023-12-12,723.3380126953125,BAJFINANCE.NS,Bajaj Finance
2023-12-13,717.7456665039062,BAJFINANCE.NS,Bajaj Finance
2023-12-14,739.1257934570312,BAJFINANCE.NS,Bajaj Finance
2023-12-15,743.16552734375,BAJFINANCE.NS,Bajaj Finance
2023-12-18,750.3400268554688,BAJFINANCE.NS,Bajaj Finance
2023-12-19,754.7950439453125,BAJFINANCE.NS,Bajaj Finance
2023-12-20,741.0789184570312,BAJFINANCE.NS,Bajaj Finance
2023-12-21,728.5396118164062,BAJFINANCE.NS,Bajaj Finance
2023-12-22,721.4343872070312,BAJFINANCE.NS,Bajaj Finance
2023-12-26,708.2819213867188,BAJFINANCE.NS,Bajaj Finance
2023-12-27,715.2537841796875,BAJFINANCE.NS,Bajaj Finance
2023-12-28,717.8099975585938,BAJFINANCE.NS,Bajaj Finance
2023-12-29,724.6433715820312,BAJFINANCE.NS,Bajaj Finance
2024-01-01,721.8052368164062,BAJFINANCE.NS,Bajaj Finance
2024-01-02,734.7598266601562,BAJFINANCE.NS,Bajaj Finance
2024-01-03,730.2850341796875,BAJFINANCE.NS,Bajaj Finance
2024-01-04,762.0040893554688,BAJFINANCE.NS,Bajaj Finance
2024-01-05,762.5579223632812,BAJFINANCE.NS,Bajaj Finance
2024-01-08,765.0152587890625,BAJFINANCE.NS,Bajaj Finance
2024-01-09,763.9719848632812,BAJFINANCE.NS,Bajaj Finance
2024-01-10,759.5318603515625,BAJFINANCE.NS,Bajaj Finance
2024-01-11,758.4638061523438,BAJFINANCE.NS,Bajaj Finance
2024-01-12,757.6034545898438,BAJFINANCE.NS,Bajaj Finance
2024-01-15,739.5015258789062,BAJFINANCE.NS,Bajaj Finance
2024-01-16,737.3902587890625,BAJFINANCE.NS,Bajaj Finance
2024-01-17,727.7188110351562,BAJFINANCE.NS,Bajaj Finance
2024-01-18,718.4923706054688,BAJFINANCE.NS,Bajaj Finance
2024-01-19,723.7879638671875,BAJFINANCE.NS,Bajaj Finance
2024-01-23,699.2235717773438,BAJFINANCE.NS,Bajaj Finance
2024-01-24,697.70068359375,BAJFINANCE.NS,Bajaj Finance
2024-01-25,700.6871337890625,BAJFINANCE.NS,Bajaj Finance
2024-01-29,711.1843872070312,BAJFINANCE.NS,Bajaj Finance
2024-01-30,674.1549072265625,BAJFINANCE.NS,Bajaj Finance
2024-01-31,678.6741333007812,BAJFINANCE.NS,Bajaj Finance
2024-02-01,666.846923828125,BAJFINANCE.NS,Bajaj Finance
2024-02-02,677.2304077148438,BAJFINANCE.NS,Bajaj Finance
2024-02-05,653.4868774414062,BAJFINANCE.NS,Bajaj Finance
2024-02-06,652.4930419921875,BAJFINANCE.NS,Bajaj Finance
2024-02-07,663.4747314453125,BAJFINANCE.NS,Bajaj Finance
2024-02-08,650.2679443359375,BAJFINANCE.NS,Bajaj Finance
2024-02-09,658.0654907226562,BAJFINANCE.NS,Bajaj Finance
2024-02-12,649.6251831054688,BAJFINANCE.NS,Bajaj Finance
2024-02-13,653.036865234375,BAJFINANCE.NS,Bajaj Finance
2024-02-14,657.2743530273438,BAJFINANCE.NS,Bajaj Finance
2024-02-15,654.5944213867188,BAJFINANCE.NS,Bajaj Finance
2024-02-16,654.5745849609375,BAJFINANCE.NS,Bajaj Finance
2024-02-19,663.830810546875,BAJFINANCE.NS,Bajaj Finance
2024-02-20,668.8543701171875,BAJFINANCE.NS,Bajaj Finance
2024-02-21,661.4573364257812,BAJFINANCE.NS,Bajaj Finance
2024-02-22,660.0877685546875,BAJFINANCE.NS,Bajaj Finance
2024-02-23,662.3523559570312,BAJFINANCE.NS,Bajaj Finance
2024-02-26,656.952880859375,BAJFINANCE.NS,Bajaj Finance
2024-02-27,648.3494873046875,BAJFINANCE.NS,Bajaj Finance
2024-02-28,642.6583251953125,BAJFINANCE.NS,Bajaj Finance
2024-02-29,642.3270263671875,BAJFINANCE.NS,Bajaj Finance
2024-03-01,649.8526611328125,BAJFINANCE.NS,Bajaj Finance
2024-03-04,652.918212890625,BAJFINANCE.NS,Bajaj Finance
2024-03-05,625.4069213867188,BAJFINANCE.NS,Bajaj Finance
2024-03-06,624.121337890625,BAJFINANCE.NS,Bajaj Finance
2024-03-07,634.9794921875,BAJFINANCE.NS,Bajaj Finance
2024-03-11,636.2354125976562,BAJFINANCE.NS,Bajaj Finance
2024-03-12,636.4628295898438,BAJFINANCE.NS,Bajaj Finance
2024-03-13,638.4505615234375,BAJFINANCE.NS,Bajaj Finance
2024-03-14,632.6456298828125,BAJFINANCE.NS,Bajaj Finance
2024-03-15,644.2059936523438,BAJFINANCE.NS,Bajaj Finance
2024-03-18,643.2467651367188,BAJFINANCE.NS,Bajaj Finance
2024-03-19,652.3050537109375,BAJFINANCE.NS,Bajaj Finance
2024-03-20,657.5709838867188,BAJFINANCE.NS,Bajaj Finance
2024-03-21,664.1224975585938,BAJFINANCE.NS,Bajaj Finance
2024-03-22,668.58740234375,BAJFINANCE.NS,Bajaj Finance
2024-03-26,683.341796875,BAJFINANCE.NS,Bajaj Finance
2024-03-27,694.4818115234375,BAJFINANCE.NS,Bajaj Finance
2024-03-28,716.4849243164062,BAJFINANCE.NS,Bajaj Finance
2024-04-01,717.048583984375,BAJFINANCE.NS,Bajaj Finance
2024-04-02,712.7418823242188,BAJFINANCE.NS,Bajaj Finance
2024-04-03,722.8138427734375,BAJFINANCE.NS,Bajaj Finance
2024-04-04,720.2575073242188,BAJFINANCE.NS,Bajaj Finance
2024-04-05,709.6021118164062,BAJFINANCE.NS,Bajaj Finance
2024-04-08,709.888916015625,BAJFINANCE.NS,Bajaj Finance
2024-04-09,711.377197265625,BAJFINANCE.NS,Bajaj Finance
2024-04-10,715.0015869140625,BAJFINANCE.NS,Bajaj Finance
2024-04-12,714.9323120117188,BAJFINANCE.NS,Bajaj Finance
2024-04-15,699.7724609375,BAJFINANCE.NS,Bajaj Finance
2024-04-16,687.707763671875,BAJFINANCE.NS,Bajaj Finance
2024-04-18,681.670654296875,BAJFINANCE.NS,Bajaj Finance
2024-04-19,704.0494384765625,BAJFINANCE.NS,Bajaj Finance
2024-04-22,721.1277465820312,BAJFINANCE.NS,Bajaj Finance
2024-04-23,717.93359375,BAJFINANCE.NS,Bajaj Finance
2024-04-24,724.7817993164062,BAJFINANCE.NS,Bajaj Finance
2024-04-25,721.394775390625,BAJFINANCE.NS,Bajaj Finance
2024-04-26,665.6503295898438,BAJFINANCE.NS,Bajaj Finance
2024-04-29,675.0844116210938,BAJFINANCE.NS,Bajaj Finance
2024-04-30,684.671875,BAJFINANCE.NS,Bajaj Finance
2024-05-02,680.6322631835938,BAJFINANCE.NS,Bajaj Finance
2024-05-03,685.4581298828125,BAJFINANCE.NS,Bajaj Finance
2024-05-06,678.37255859375,BAJFINANCE.NS,Bajaj Finance
2024-05-07,679.6284790039062,BAJFINANCE.NS,Bajaj Finance
2024-05-08,672.3995971679688,BAJFINANCE.NS,Bajaj Finance
2024-05-09,653.1852416992188,BAJFINANCE.NS,Bajaj Finance
2024-05-10,660.9974975585938,BAJFINANCE.NS,Bajaj Finance
2024-05-13,664.4191284179688,BAJFINANCE.NS,Bajaj Finance
2024-05-14,660.1619262695312,BAJFINANCE.NS,Bajaj Finance
2024-05-15,660.5870971679688,BAJFINANCE.NS,Bajaj Finance
2024-05-16,667.2276000976562,BAJFINANCE.NS,Bajaj Finance
2024-05-17,665.2745361328125,BAJFINANCE.NS,Bajaj Finance
2024-05-21,666.8023681640625,BAJFINANCE.NS,Bajaj Finance
2024-05-22,666.9705200195312,BAJFINANCE.NS,Bajaj Finance
2024-05-23,675.0894165039062,BAJFINANCE.NS,Bajaj Finance
2024-05-24,676.1030883789062,BAJFINANCE.NS,Bajaj Finance
2024-05-27,681.8980102539062,BAJFINANCE.NS,Bajaj Finance
2024-05-28,679.6779174804688,BAJFINANCE.NS,Bajaj Finance
2024-05-29,673.1165161132812,BAJFINANCE.NS,Bajaj Finance
2024-05-30,654.302734375,BAJFINANCE.NS,Bajaj Finance
2024-05-31,662.3375244140625,BAJFINANCE.NS,Bajaj Finance
2024-06-03,683.8806762695312,BAJFINANCE.NS,Bajaj Finance
2024-06-04,643.7312622070312,BAJFINANCE.NS,Bajaj Finance
2024-06-05,676.0782470703125,BAJFINANCE.NS,Bajaj Finance
2024-06-06,684.8944091796875,BAJFINANCE.NS,Bajaj Finance
2024-06-07,711.15966796875,BAJFINANCE.NS,Bajaj Finance
2024-06-10,701.0184326171875,BAJFINANCE.NS,Bajaj Finance
2024-06-11,705.8887939453125,BAJFINANCE.NS,Bajaj Finance
2024-06-12,713.7654418945312,BAJFINANCE.NS,Bajaj Finance
2024-06-13,721.3997192382812,BAJFINANCE.NS,Bajaj Finance
2024-06-14,726.008056640625,BAJFINANCE.NS,Bajaj Finance
2024-06-18,725.3306274414062,BAJFINANCE.NS,Bajaj Finance
2024-06-19,715.367431640625,BAJFINANCE.NS,Bajaj Finance
2024-06-20,712.7122802734375,BAJFINANCE.NS,Bajaj Finance
2024-06-21,709.0498046875,BAJFINANCE.NS,Bajaj Finance
2024-06-24,703.8419189453125,BAJFINANCE.NS,Bajaj Finance
2024-06-25,703.1065063476562,BAJFINANCE.NS,Bajaj Finance
2024-06-26,711.4301147460938,BAJFINANCE.NS,Bajaj Finance
2024-06-27,712.2798461914062,BAJFINANCE.NS,Bajaj Finance
2024-06-28,707.1912841796875,BAJFINANCE.NS,Bajaj Finance
2024-07-01,723.21240234375,BAJFINANCE.NS,Bajaj Finance
2024-07-02,712.1655883789062,BAJFINANCE.NS,Bajaj Finance
2024-07-03,721.4284057617188,BAJFINANCE.NS,Bajaj Finance
2024-07-04,706.3465576171875,BAJFINANCE.NS,Bajaj Finance
2024-07-05,709.4224853515625,BAJFINANCE.NS,Bajaj Finance
2024-07-08,705.471923828125,BAJFINANCE.NS,Bajaj Finance
2024-07-09,702.4703979492188,BAJFINANCE.NS,Bajaj Finance
2024-07-10,701.16845703125,BAJFINANCE.NS,Bajaj Finance
2024-07-11,690.7676391601562,BAJFINANCE.NS,Bajaj Finance
2024-07-12,696.1344604492188,BAJFINANCE.NS,Bajaj Finance
2024-07-15,702.0430297851562,BAJFINANCE.NS,Bajaj Finance
2024-07-16,701.5808715820312,BAJFINANCE.NS,Bajaj Finance
2024-07-18,706.6396484375,BAJFINANCE.NS,Bajaj Finance
2024-07-19,688.9786376953125,BAJFINANCE.NS,Bajaj Finance
2024-07-22,684.203125,BAJFINANCE.NS,Bajaj Finance
2024-07-23,668.5845336914062,BAJFINANCE.NS,Bajaj Finance
2024-07-24,656.6630859375,BAJFINANCE.NS,Bajaj Finance
2024-07-25,660.6981811523438,BAJFINANCE.NS,Bajaj Finance
2024-07-26,674.81103515625,BAJFINANCE.NS,Bajaj Finance
2024-07-29,677.067138671875,BAJFINANCE.NS,Bajaj Finance
2024-07-30,678.17529296875,BAJFINANCE.NS,Bajaj Finance
2024-07-31,676.5205078125,BAJFINANCE.NS,Bajaj Finance
2024-08-01,673.01220703125,BAJFINANCE.NS,Bajaj Finance
2024-08-02,668.3757934570312,BAJFINANCE.NS,Bajaj Finance
2024-08-05,655.6244506835938,BAJFINANCE.NS,Bajaj Finance
2024-08-06,649.8252563476562,BAJFINANCE.NS,Bajaj Finance
2024-08-07,659.6446533203125,BAJFINANCE.NS,Bajaj Finance
2024-08-08,654.1832885742188,BAJFINANCE.NS,Bajaj Finance
2024-08-09,657.76123046875,BAJFINANCE.NS,Bajaj Finance
2024-08-12,656.762451171875,BAJFINANCE.NS,Bajaj Finance
2024-08-13,642.5402221679688,BAJFINANCE.NS,Bajaj Finance
2024-08-14,641.88916015625,BAJFINANCE.NS,Bajaj Finance
2024-08-16,655.0480346679688,BAJFINANCE.NS,Bajaj Finance
2024-08-19,657.5774536132812,BAJFINANCE.NS,Bajaj Finance
2024-08-20,668.0974731445312,BAJFINANCE.NS,Bajaj Finance
2024-08-21,669.4044189453125,BAJFINANCE.NS,Bajaj Finance
2024-08-22,670.224365234375,BAJFINANCE.NS,Bajaj Finance
2024-08-23,669.4541625976562,BAJFINANCE.NS,Bajaj Finance
2024-08-26,673.6781005859375,BAJFINANCE.NS,Bajaj Finance
2024-08-27,682.1507568359375,BAJFINANCE.NS,Bajaj Finance
2024-08-28,685.7684326171875,BAJFINANCE.NS,Bajaj Finance
2024-08-29,702.0231323242188,BAJFINANCE.NS,Bajaj Finance
2024-08-30,715.599365234375,BAJFINANCE.NS,Bajaj Finance
2024-09-02,739.4422607421875,BAJFINANCE.NS,Bajaj Finance
2024-09-03,730.8701782226562,BAJFINANCE.NS,Bajaj Finance
2024-09-04,725.4734497070312,BAJFINANCE.NS,Bajaj Finance
2024-09-05,720.0469360351562,BAJFINANCE.NS,Bajaj Finance
2024-09-06,727.2276611328125,BAJFINANCE.NS,Bajaj Finance
2024-09-09,730.2390747070312,BAJFINANCE.NS,Bajaj Finance
2024-09-10,719.7438354492188,BAJFINANCE.NS,Bajaj Finance
2024-09-11,730.0502319335938,BAJFINANCE.NS,Bajaj Finance
2024-09-12,738.2744750976562,BAJFINANCE.NS,Bajaj Finance
2024-09-13,755.1900634765625,BAJFINANCE.NS,Bajaj Finance
2024-09-16,730.0701293945312,BAJFINANCE.NS,Bajaj Finance
2024-09-17,732.032958984375,BAJFINANCE.NS,Bajaj Finance
2024-09-18,758.4301147460938,BAJFINANCE.NS,Bajaj Finance
2024-09-19,754.3800659179688,BAJFINANCE.NS,Bajaj Finance
2024-09-20,753.5949096679688,BAJFINANCE.NS,Bajaj Finance
2024-09-23,754.8521728515625,BAJFINANCE.NS,Bajaj Finance
2024-09-24,750.7872314453125,BAJFINANCE.NS,Bajaj Finance
2024-09-25,757.7145385742188,BAJFINANCE.NS,Bajaj Finance
2024-09-26,772.075927734375,BAJFINANCE.NS,Bajaj Finance
2024-09-27,770.843505859375,BAJFINANCE.NS,Bajaj Finance
2024-09-30,765.5759887695312,BAJFINANCE.NS,Bajaj Finance
2024-10-01,765.5759887695312,BAJFINANCE.NS,Bajaj Finance
2024-10-03,738.8261108398438,BAJFINANCE.NS,Bajaj Finance
2024-10-04,716.7125244140625,BAJFINANCE.NS,Bajaj Finance
2024-10-07,722.48193359375,BAJFINANCE.NS,Bajaj Finance
2024-10-08,714.2874755859375,BAJFINANCE.NS,Bajaj Finance
2024-10-09,725.56787109375,BAJFINANCE.NS,Bajaj Finance
2024-10-10,727.4810180664062,BAJFINANCE.NS,Bajaj Finance
2024-10-11,725.7219848632812,BAJFINANCE.NS,Bajaj Finance
2024-10-14,716.4591064453125,BAJFINANCE.NS,Bajaj Finance
2024-10-15,697.3867797851562,BAJFINANCE.NS,Bajaj Finance
2024-10-16,691.368896484375,BAJFINANCE.NS,Bajaj Finance
2024-10-17,685.71875,BAJFINANCE.NS,Bajaj Finance
2024-10-18,685.7237548828125,BAJFINANCE.NS,Bajaj Finance
2024-10-21,673.9315185546875,BAJFINANCE.NS,Bajaj Finance
2024-10-22,663.6946411132812,BAJFINANCE.NS,Bajaj Finance
2024-10-23,695.2897338867188,BAJFINANCE.NS,Bajaj Finance
2024-10-24,699.7720947265625,BAJFINANCE.NS,Bajaj Finance
2024-10-25,686.7772827148438,BAJFINANCE.NS,Bajaj Finance
2024-10-28,686.896484375,BAJFINANCE.NS,Bajaj Finance
2024-10-29,697.943359375,BAJFINANCE.NS,Bajaj Finance
2024-10-30,691.2347412109375,BAJFINANCE.NS,Bajaj Finance
2024-10-31,684.749755859375,BAJFINANCE.NS,Bajaj Finance
2024-11-01,688.1139526367188,BAJFINANCE.NS,Bajaj Finance
2024-11-04,680.1729736328125,BAJFINANCE.NS,Bajaj Finance
2024-11-05,688.7848510742188,BAJFINANCE.NS,Bajaj Finance
2024-11-06,696.3233032226562,BAJFINANCE.NS,Bajaj Finance
2024-11-07,686.2156982421875,BAJFINANCE.NS,Bajaj Finance
2024-11-08,685.3659057617188,BAJFINANCE.NS,Bajaj Finance
2024-11-11,673.7228393554688,BAJFINANCE.NS,Bajaj Finance
2024-11-12,659.7490234375,BAJFINANCE.NS,Bajaj Finance
2024-11-13,652.5732421875,BAJFINANCE.NS,Bajaj Finance
2024-11-14,650.8985595703125,BAJFINANCE.NS,Bajaj Finance
2024-11-18,652.76708984375,BAJFINANCE.NS,Bajaj Finance
2024-11-19,655.4853515625,BAJFINANCE.NS,Bajaj Finance
2024-11-21,642.5997924804688,BAJFINANCE.NS,Bajaj Finance
2024-11-22,664.2959594726562,BAJFINANCE.NS,Bajaj Finance
2024-11-25,664.4400634765625,BAJFINANCE.NS,Bajaj Finance
2024-11-26,657.7363891601562,BAJFINANCE.NS,Bajaj Finance
2024-11-27,666.407958984375,BAJFINANCE.NS,Bajaj Finance
2024-11-28,646.947998046875,BAJFINANCE.NS,Bajaj Finance
2024-11-29,653.5572509765625,BAJFINANCE.NS,Bajaj Finance
2024-12-02,660.9863891601562,BAJFINANCE.NS,Bajaj Finance
2024-12-03,663.451171875,BAJFINANCE.NS,Bajaj Finance
2024-12-04,669.8665771484375,BAJFINANCE.NS,Bajaj Finance
2024-12-05,680.8388671875,BAJFINANCE.NS,Bajaj Finance
2024-12-06,680.8289794921875,BAJFINANCE.NS,Bajaj Finance
2024-12-09,682.6228637695312,BAJFINANCE.NS,Bajaj Finance
2024-12-10,689.3662719726562,BAJFINANCE.NS,Bajaj Finance
2024-12-11,707.1466064453125,BAJFINANCE.NS,Bajaj Finance
2024-12-12,708.2100219726562,BAJFINANCE.NS,Bajaj Finance
2024-12-13,713.8750610351562,BAJFINANCE.NS,Bajaj Finance
2024-12-16,716.4193725585938,BAJFINANCE.NS,Bajaj Finance
2024-12-17,710.8934326171875,BAJFINANCE.NS,Bajaj Finance
2024-12-18,703.1065063476562,BAJFINANCE.NS,Bajaj Finance
2024-12-19,687.612060546875,BAJFINANCE.NS,Bajaj Finance
2024-12-20,680.625244140625,BAJFINANCE.NS,Bajaj Finance
2024-12-23,682.4588623046875,BAJFINANCE.NS,Bajaj Finance
2024-12-24,676.644775390625,BAJFINANCE.NS,Bajaj Finance
2024-12-26,677.3951416015625,BAJFINANCE.NS,Bajaj Finance
2024-12-27,686.5387573242188,BAJFINANCE.NS,Bajaj Finance
2024-12-30,684.6006469726562,BAJFINANCE.NS,Bajaj Finance
2024-12-31,678.1156616210938,BAJFINANCE.NS,Bajaj Finance
2025-01-01,689.27685546875,BAJFINANCE.NS,Bajaj Finance
2025-01-02,734.388427734375,BAJFINANCE.NS,Bajaj Finance
2025-01-03,736.1823120117188,BAJFINANCE.NS,Bajaj Finance
2025-01-06,730.4279174804688,BAJFINANCE.NS,Bajaj Finance
2025-01-07,730.8851318359375,BAJFINANCE.NS,Bajaj Finance
2025-01-08,731.0291137695312,BAJFINANCE.NS,Bajaj Finance
2025-01-09,723.281982421875,BAJFINANCE.NS,Bajaj Finance
2025-01-10,724.3355102539062,BAJFINANCE.NS,Bajaj Finance
2025-01-13,710.7095336914062,BAJFINANCE.NS,Bajaj Finance
2025-01-14,729.001708984375,BAJFINANCE.NS,Bajaj Finance
2025-01-15,713.33837890625,BAJFINANCE.NS,Bajaj Finance
2025-01-16,721.5228271484375,BAJFINANCE.NS,Bajaj Finance
2025-01-17,713.8054809570312,BAJFINANCE.NS,Bajaj Finance
2025-01-20,739.447265625,BAJFINANCE.NS,Bajaj Finance
2025-01-21,724.6932983398438,BAJFINANCE.NS,Bajaj Finance
2025-01-22,735.1785888671875,BAJFINANCE.NS,Bajaj Finance
2025-01-23,739.7603149414062,BAJFINANCE.NS,Bajaj Finance
2025-01-24,739.2981567382812,BAJFINANCE.NS,Bajaj Finance
2025-01-27,725.0709228515625,BAJFINANCE.NS,Bajaj Finance
2025-01-28,755.9951171875,BAJFINANCE.NS,Bajaj Finance
2025-01-29,771.206298828125,BAJFINANCE.NS,Bajaj Finance
2025-01-30,785.3191528320312,BAJFINANCE.NS,Bajaj Finance
2025-01-31,783.6743774414062,BAJFINANCE.NS,Bajaj Finance
2025-02-01,795.1038208007812,BAJFINANCE.NS,Bajaj Finance
2025-02-03,837.4127807617188,BAJFINANCE.NS,Bajaj Finance
2025-02-04,842.3372802734375,BAJFINANCE.NS,Bajaj Finance
2025-02-05,845.7264404296875,BAJFINANCE.NS,Bajaj Finance
2025-02-06,845.5126953125,BAJFINANCE.NS,Bajaj Finance
2025-02-07,842.22802734375,BAJFINANCE.NS,Bajaj Finance
2025-02-10,823.5979614257812,BAJFINANCE.NS,Bajaj Finance
2025-02-11,814.0966186523438,BAJFINANCE.NS,Bajaj Finance
2025-02-12,816.3676147460938,BAJFINANCE.NS,Bajaj Finance
2025-02-13,835.7430419921875,BAJFINANCE.NS,Bajaj Finance
2025-02-14,834.083251953125,BAJFINANCE.NS,Bajaj Finance
2025-02-17,837.4921875,BAJFINANCE.NS,Bajaj Finance
2025-02-18,841.3981323242188,BAJFINANCE.NS,Bajaj Finance
2025-02-19,838.7694091796875,BAJFINANCE.NS,Bajaj Finance
2025-02-20,834.7938842773438,BAJFINANCE.NS,Bajaj Finance
2025-02-21,834.5205688476562,BAJFINANCE.NS,Bajaj Finance
2025-02-24,830.3712158203125,BAJFINANCE.NS,Bajaj Finance
2025-02-25,843.674072265625,BAJFINANCE.NS,Bajaj Finance
2025-02-27,865.2012939453125,BAJFINANCE.NS,Bajaj Finance
2025-02-28,847.7987060546875,BAJFINANCE.NS,Bajaj Finance
2025-03-03,857.4937744140625,BAJFINANCE.NS,Bajaj Finance
2025-03-04,853.3294677734375,BAJFINANCE.NS,Bajaj Finance
2025-03-05,824.7807006835938,BAJFINANCE.NS,Bajaj Finance
2025-03-06,835.9269409179688,BAJFINANCE.NS,Bajaj Finance
2025-03-07,835.2957763671875,BAJFINANCE.NS,Bajaj Finance
2025-03-10,829.1437377929688,BAJFINANCE.NS,Bajaj Finance
2025-03-11,828.9300537109375,BAJFINANCE.NS,Bajaj Finance
2025-03-12,843.2417602539062,BAJFINANCE.NS,Bajaj Finance
2025-03-13,836.8809814453125,BAJFINANCE.NS,Bajaj Finance
2025-03-17,852.77294921875,BAJFINANCE.NS,Bajaj Finance
2025-03-18,852.77294921875,BAJFINANCE.NS,Bajaj Finance
2025-03-19,867.80517578125,BAJFINANCE.NS,Bajaj Finance
2025-03-20,862.64208984375,BAJFINANCE.NS,Bajaj Finance
2025-03-21,886.1420288085938,BAJFINANCE.NS,Bajaj Finance
2025-03-24,903.4303588867188,BAJFINANCE.NS,Bajaj Finance
2025-03-25,901.164306640625,BAJFINANCE.NS,Bajaj Finance
2025-03-26,881.167724609375,BAJFINANCE.NS,Bajaj Finance
2025-03-27,894.8632202148438,BAJFINANCE.NS,Bajaj Finance
2025-03-28,889.0739135742188,BAJFINANCE.NS,Bajaj Finance
2025-04-01,864.4857177734375,BAJFINANCE.NS,Bajaj Finance
2025-04-02,861.6084594726562,BAJFINANCE.NS,Bajaj Finance
2025-04-03,854.189208984375,BAJFINANCE.NS,Bajaj Finance
2025-04-04,866.5380249023438,BAJFINANCE.NS,Bajaj Finance
2025-04-07,851.5455322265625,BAJFINANCE.NS,Bajaj Finance
2025-04-08,876.8145751953125,BAJFINANCE.NS,Bajaj Finance
2025-04-09,868.22265625,BAJFINANCE.NS,Bajaj Finance
2025-04-11,886.6389770507812,BAJFINANCE.NS,Bajaj Finance
2025-04-15,908.494140625,BAJFINANCE.NS,Bajaj Finance
2025-04-16,900.0960083007812,BAJFINANCE.NS,Bajaj Finance
2025-04-17,910.6309204101562,BAJFINANCE.NS,Bajaj Finance
2025-04-21,921.662841796875,BAJFINANCE.NS,Bajaj Finance
2025-04-22,920.370849609375,BAJFINANCE.NS,Bajaj Finance
2025-04-23,926.5824584960938,BAJFINANCE.NS,Bajaj Finance
2025-04-24,924.39599609375,BAJFINANCE.NS,Bajaj Finance
2025-04-25,905.6119384765625,BAJFINANCE.NS,Bajaj Finance
2025-04-28,903.7235717773438,BAJFINANCE.NS,Bajaj Finance
2025-04-29,903.7235717773438,BAJFINANCE.NS,Bajaj Finance
2025-04-30,858.15478515625,BAJFINANCE.NS,Bajaj Finance
2025-05-02,881.4111938476562,BAJFINANCE.NS,Bajaj Finance
2025-05-05,887.7223510742188,BAJFINANCE.NS,Bajaj Finance
2025-05-06,874.3547973632812,BAJFINANCE.NS,Bajaj Finance
2025-05-07,893.138916015625,BAJFINANCE.NS,Bajaj Finance
2025-05-08,877.8333129882812,BAJFINANCE.NS,Bajaj Finance
2025-05-09,859.9691162109375,BAJFINANCE.NS,Bajaj Finance
2025-05-12,897.5386352539062,BAJFINANCE.NS,Bajaj Finance
2025-05-13,899.87744140625,BAJFINANCE.NS,Bajaj Finance
2025-05-14,903.7587890625,BAJFINANCE.NS,Bajaj Finance
2025-05-15,914.4573974609375,BAJFINANCE.NS,Bajaj Finance
2025-05-16,912.3176879882812,BAJFINANCE.NS,Bajaj Finance
2025-05-19,921.1253662109375,BAJFINANCE.NS,Bajaj Finance
2025-05-20,903.5597534179688,BAJFINANCE.NS,Bajaj Finance
2025-05-21,915.3530883789062,BAJFINANCE.NS,Bajaj Finance
2025-05-22,909.5310668945312,BAJFINANCE.NS,Bajaj Finance
2025-05-23,919.9310913085938,BAJFINANCE.NS,Bajaj Finance
2025-05-26,922.5186767578125,BAJFINANCE.NS,Bajaj Finance
2025-05-27,912.7157592773438,BAJFINANCE.NS,Bajaj Finance
2025-05-28,922.3196411132812,BAJFINANCE.NS,Bajaj Finance
2025-05-29,916.0,BAJFINANCE.NS,Bajaj Finance
2025-05-30,918.0499877929688,BAJFINANCE.NS,Bajaj Finance
2025-06-02,911.8499755859375,BAJFINANCE.NS,Bajaj Finance
2025-06-03,897.9000244140625,BAJFINANCE.NS,Bajaj Finance
2025-06-04,898.7000122070312,BAJFINANCE.NS,Bajaj Finance
2025-06-05,893.4000244140625,BAJFINANCE.NS,Bajaj Finance
2025-06-06,937.1500244140625,BAJFINANCE.NS,Bajaj Finance
2025-06-09,960.75,BAJFINANCE.NS,Bajaj Finance
2025-06-10,949.75,BAJFINANCE.NS,Bajaj Finance
2025-06-11,942.5,BAJFINANCE.NS,Bajaj Finance
2025-06-12,936.8499755859375,BAJFINANCE.NS,Bajaj Finance
2025-06-13,933.0999755859375,BAJFINANCE.NS,Bajaj Finance
2025-06-16,938.0,BAJFINANCE.NS,Bajaj Finance
2025-06-17,923.0,BAJFINANCE.NS,Bajaj Finance
2025-06-18,919.0,BAJFINANCE.NS,Bajaj Finance
2025-06-19,900.5,BAJFINANCE.NS,Bajaj Finance
2025-06-20,905.0,BAJFINANCE.NS,Bajaj Finance
2025-06-23,915.5,BAJFINANCE.NS,Bajaj Finance
2025-06-24,916.5,BAJFINANCE.NS,Bajaj Finance
2025-06-25,928.0,BAJFINANCE.NS,Bajaj Finance
2025-06-26,951.5,BAJFINANCE.NS,Bajaj Finance
2025-06-27,947.0,BAJFINANCE.NS,Bajaj Finance
2025-06-30,936.5,BAJFINANCE.NS,Bajaj Finance
2025-07-01,936.6500244140625,BAJFINANCE.NS,Bajaj Finance
2025-07-02,923.0,BAJFINANCE.NS,Bajaj Finance
2025-07-03,910.1500244140625,BAJFINANCE.NS,Bajaj Finance
2025-07-04,925.2999877929688,BAJFINANCE.NS,Bajaj Finance
2025-07-07,924.6500244140625,BAJFINANCE.NS,Bajaj Finance
2025-07-08,927.6500244140625,BAJFINANCE.NS,Bajaj Finance
2025-07-09,940.5999755859375,BAJFINANCE.NS,Bajaj Finance
2025-07-10,947.6500244140625,BAJFINANCE.NS,Bajaj Finance
2025-07-11,933.5,BAJFINANCE.NS,Bajaj Finance
2025-07-14,918.8499755859375,BAJFINANCE.NS,Bajaj Finance
2025-07-15,928.4000244140625,BAJFINANCE.NS,Bajaj Finance
2025-07-16,921.75,BAJFINANCE.NS,Bajaj Finance
2025-07-17,923.2999877929688,BAJFINANCE.NS,Bajaj Finance
2025-07-18,942.0,BAJFINANCE.NS,Bajaj Finance
2025-07-21,948.4500122070312,BAJFINANCE.NS,Bajaj Finance
2025-07-22,952.5499877929688,BAJFINANCE.NS,Bajaj Finance
2025-07-23,968.2999877929688,BAJFINANCE.NS,Bajaj Finance
2025-07-24,958.9500122070312,BAJFINANCE.NS,Bajaj Finance
2025-07-25,913.75,BAJFINANCE.NS,Bajaj Finance
2025-07-28,880.5,BAJFINANCE.NS,Bajaj Finance
2025-07-29,886.5499877929688,BAJFINANCE.NS,Bajaj Finance
2025-07-30,884.8499755859375,BAJFINANCE.NS,Bajaj Finance
2025-07-31,881.2000122070312,BAJFINANCE.NS,Bajaj Finance
2025-08-01,875.5999755859375,BAJFINANCE.NS,Bajaj Finance
2025-08-04,885.2999877929688,BAJFINANCE.NS,Bajaj Finance
2025-08-05,891.9000244140625,BAJFINANCE.NS,Bajaj Finance
2025-08-06,876.6500244140625,BAJFINANCE.NS,Bajaj Finance
2025-08-07,879.0999755859375,BAJFINANCE.NS,Bajaj Finance
2025-08-08,877.1500244140625,BAJFINANCE.NS,Bajaj Finance
2025-08-11,877.7999877929688,BAJFINANCE.NS,Bajaj Finance
2025-08-12,853.0,BAJFINANCE.NS,Bajaj Finance
2025-08-13,860.0,BAJFINANCE.NS,Bajaj Finance
2025-08-14,861.4500122070312,BAJFINANCE.NS,Bajaj Finance
2025-08-18,905.2000122070312,BAJFINANCE.NS,Bajaj Finance
2025-08-19,902.2999877929688,BAJFINANCE.NS,Bajaj Finance
2025-08-20,887.7999877929688,BAJFINANCE.NS,Bajaj Finance
2025-08-21,895.5999755859375,BAJFINANCE.NS,Bajaj Finance
2025-08-22,894.5,BAJFINANCE.NS,Bajaj Finance
2025-08-25,900.7999877929688,BAJFINANCE.NS,Bajaj Finance
2025-08-26,876.25,BAJFINANCE.NS,Bajaj Finance
2025-08-28,876.8499755859375,BAJFINANCE.NS,Bajaj Finance
2025-08-29,877.8499755859375,BAJFINANCE.NS,Bajaj Finance
2025-09-01,889.3499755859375,BAJFINANCE.NS,Bajaj Finance
2025-09-02,890.0999755859375,BAJFINANCE.NS,Bajaj Finance
2025-09-03,896.2999877929688,BAJFINANCE.NS,Bajaj Finance
2025-09-04,934.75,BAJFINANCE.NS,Bajaj Finance
2025-09-05,937.5999755859375,BAJFINANCE.NS,Bajaj Finance
2025-09-08,944.2999877929688,BAJFINANCE.NS,Bajaj Finance
2025-09-09,948.4000244140625,BAJFINANCE.NS,Bajaj Finance
2025-09-10,967.9500122070312,BAJFINANCE.NS,Bajaj Finance
2025-09-11,970.25,BAJFINANCE.NS,Bajaj Finance
2025-09-12,1003.25,BAJFINANCE.NS,Bajaj Finance
2025-09-15,1009.8499755859375,BAJFINANCE.NS,Bajaj Finance
2025-09-16,1003.25,BAJFINANCE.NS,Bajaj Finance
2025-09-17,1007.5,BAJFINANCE.NS,Bajaj Finance
2025-09-18,996.5,BAJFINANCE.NS,Bajaj Finance
2025-09-19,992.4500122070312,BAJFINANCE.NS,Bajaj Finance
2025-09-22,1006.5,BAJFINANCE.NS,Bajaj Finance
2025-09-23,1025.5,BAJFINANCE.NS,Bajaj Finance
2025-09-24,1029.75,BAJFINANCE.NS,Bajaj Finance
2025-09-25,1012.75,BAJFINANCE.NS,Bajaj Finance
2025-09-26,985.0999755859375,BAJFINANCE.NS,Bajaj Finance
2025-09-29,990.9500122070312,BAJFINANCE.NS,Bajaj Finance
2025-09-30,998.9000244140625,BAJFINANCE.NS,Bajaj Finance
2025-10-01,987.7000122070312,BAJFINANCE.NS,Bajaj Finance
2025-10-03,989.75,BAJFINANCE.NS,Bajaj Finance
2025-10-06,1008.9000244140625,BAJFINANCE.NS,Bajaj Finance
2025-10-07,1016.5499877929688,BAJFINANCE.NS,Bajaj Finance
2025-10-08,1023.1500244140625,BAJFINANCE.NS,Bajaj Finance
2025-10-09,1024.0999755859375,BAJFINANCE.NS,Bajaj Finance
2025-10-10,1023.8499755859375,BAJFINANCE.NS,Bajaj Finance
2025-10-13,1036.75,BAJFINANCE.NS,Bajaj Finance
2025-10-14,1019.1500244140625,BAJFINANCE.NS,Bajaj Finance
2025-10-15,1059.9000244140625,BAJFINANCE.NS,Bajaj Finance
2025-10-16,1065.75,BAJFINANCE.NS,Bajaj Finance
2025-10-17,1070.0999755859375,BAJFINANCE.NS,Bajaj Finance
2025-10-20,1081.0,BAJFINANCE.NS,Bajaj Finance
2025-10-21,1086.5,BAJFINANCE.NS,Bajaj Finance
2025-10-23,1094.1500244140625,BAJFINANCE.NS,Bajaj Finance
2025-10-24,1089.75,BAJFINANCE.NS,Bajaj Finance
2025-10-27,1084.4000244140625,BAJFINANCE.NS,Bajaj Finance
2025-10-28,1072.75,BAJFINANCE.NS,Bajaj Finance
2025-10-29,1062.949951171875,BAJFINANCE.NS,Bajaj Finance
2025-10-30,1052.300048828125,BAJFINANCE.NS,Bajaj Finance
2025-10-31,1042.800048828125,BAJFINANCE.NS,Bajaj Finance
2025-11-03,1043.0999755859375,BAJFINANCE.NS,Bajaj Finance
2025-11-04,1057.0,BAJFINANCE.NS,Bajaj Finance
2025-11-06,1041.9000244140625,BAJFINANCE.NS,Bajaj Finance
2025-11-07,1066.5999755859375,BAJFINANCE.NS,Bajaj Finance
2025-11-10,1085.0,BAJFINANCE.NS,Bajaj Finance
2025-11-11,1005.2000122070312,BAJFINANCE.NS,Bajaj Finance
2025-11-12,1013.2000122070312,BAJFINANCE.NS,Bajaj Finance
2025-11-13,1005.4000244140625,BAJFINANCE.NS,Bajaj Finance
2025-11-14,1018.5,BAJFINANCE.NS,Bajaj Finance
2025-11-17,1026.800048828125,BAJFINANCE.NS,Bajaj Finance
2025-11-18,1013.5999755859375,BAJFINANCE.NS,Bajaj Finance
2025-11-19,1005.5999755859375,BAJFINANCE.NS,Bajaj Finance
2025-11-20,1028.5999755859375,BAJFINANCE.NS,Bajaj Finance
2025-11-21,1004.0999755859375,BAJFINANCE.NS,Bajaj Finance
2025-11-24,994.0,BAJFINANCE.NS,Bajaj Finance
2025-11-25,986.2000122070312,BAJFINANCE.NS,Bajaj Finance
2025-11-26,1010.7000122070312,BAJFINANCE.NS,Bajaj Finance
2025-11-27,1033.800048828125,BAJFINANCE.NS,Bajaj Finance
2025-11-28,1037.5,BAJFINANCE.NS,Bajaj Finance
2025-12-01,1021.0999755859375,BAJFINANCE.NS,Bajaj Finance
2025-12-02,1025.5,BAJFINANCE.NS,Bajaj Finance
2025-12-03,1021.4000244140625,BAJFINANCE.NS,Bajaj Finance
2025-12-04,1029.0999755859375,BAJFINANCE.NS,Bajaj Finance
2025-12-05,1048.0,BAJFINANCE.NS,Bajaj Finance
2025-12-08,1026.4000244140625,BAJFINANCE.NS,Bajaj Finance
2025-12-09,1016.7000122070312,BAJFINANCE.NS,Bajaj Finance
2025-12-10,1010.2999877929688,BAJFINANCE.NS,Bajaj Finance
2025-12-11,1006.4000244140625,BAJFINANCE.NS,Bajaj Finance
2025-12-12,1017.2999877929688,BAJFINANCE.NS,Bajaj Finance
2025-12-15,1012.7000122070312,BAJFINANCE.NS,Bajaj Finance
2025-12-16,998.4000244140625,BAJFINANCE.NS,Bajaj Finance
2025-12-17,999.5999755859375,BAJFINANCE.NS,Bajaj Finance
2025-12-18,1000.2999877929688,BAJFINANCE.NS,Bajaj Finance
2025-12-19,1008.2999877929688,BAJFINANCE.NS,Bajaj Finance
2025-12-22,1007.7999877929688,BAJFINANCE.NS,Bajaj Finance
2025-12-23,1011.4000244140625,BAJFINANCE.NS,Bajaj Finance
2025-12-24,1011.7000122070312,BAJFINANCE.NS,Bajaj Finance
2025-12-26,1000.0,BAJFINANCE.NS,Bajaj Finance
2025-12-29,998.0,BAJFINANCE.NS,Bajaj Finance
2025-12-30,989.2999877929688,BAJFINANCE.NS,Bajaj Finance
2025-12-31,986.7999877929688,BAJFINANCE.NS,Bajaj Finance
2026-01-01,973.0999755859375,BAJFINANCE.NS,Bajaj Finance
2026-01-02,990.4500122070312,BAJFINANCE.NS,Bajaj Finance
2026-01-05,978.75,BAJFINANCE.NS,Bajaj Finance
2026-01-06,977.3499755859375,BAJFINANCE.NS,Bajaj Finance
2026-01-07,968.7999877929688,BAJFINANCE.NS,Bajaj Finance
2026-01-08,971.9500122070312,BAJFINANCE.NS,Bajaj Finance
2026-01-09,959.5999755859375,BAJFINANCE.NS,Bajaj Finance
2026-01-12,951.9000244140625,BAJFINANCE.NS,Bajaj Finance
2026-01-13,949.0,BAJFINANCE.NS,Bajaj Finance
2026-01-14,945.9500122070312,BAJFINANCE.NS,Bajaj Finance
2026-01-15,945.9500122070312,BAJFINANCE.NS,Bajaj Finance
2026-01-16,950.25,BAJFINANCE.NS,Bajaj Finance
2026-01-19,969.4500122070312,BAJFINANCE.NS,Bajaj Finance
2026-01-20,933.2000122070312,BAJFINANCE.NS,Bajaj Finance
2026-01-21,936.25,BAJFINANCE.NS,Bajaj Finance
2026-01-22,942.8499755859375,BAJFINANCE.NS,Bajaj Finance
2026-01-23,927.8499755859375,BAJFINANCE.NS,Bajaj Finance
2026-01-27,914.7000122070312,BAJFINANCE.NS,Bajaj Finance
2026-01-28,935.1500244140625,BAJFINANCE.NS,Bajaj Finance
2026-01-29,935.1500244140625,BAJFINANCE.NS,Bajaj Finance
2026-01-30,929.8499755859375,BAJFINANCE.NS,Bajaj Finance
2026-02-02,903.7000122070312,BAJFINANCE.NS,Bajaj Finance
2026-02-03,964.4000244140625,BAJFINANCE.NS,Bajaj Finance
2026-02-04,963.2999877929688,BAJFINANCE.NS,Bajaj Finance
2026-02-05,964.75,BAJFINANCE.NS,Bajaj Finance
2026-02-06,981.7000122070312,BAJFINANCE.NS,Bajaj Finance
2026-02-09,983.1500244140625,BAJFINANCE.NS,Bajaj Finance
2026-02-10,965.5999755859375,BAJFINANCE.NS,Bajaj Finance
2026-02-11,968.9500122070312,BAJFINANCE.NS,Bajaj Finance
2026-02-12,999.0999755859375,BAJFINANCE.NS,Bajaj Finance
2026-02-13,1024.75,BAJFINANCE.NS,Bajaj Finance
2026-02-16,1012.75,BAJFINANCE.NS,Bajaj Finance
2026-02-17,1014.1500244140625,BAJFINANCE.NS,Bajaj Finance
2026-02-18,1023.7999877929688,BAJFINANCE.NS,Bajaj Finance
2026-02-19,1017.0499877929688,BAJFINANCE.NS,Bajaj Finance
2026-02-20,1030.199951171875,BAJFINANCE.NS,Bajaj Finance
2026-02-23,1031.0,BAJFINANCE.NS,Bajaj Finance
2026-02-24,1023.5499877929688,BAJFINANCE.NS,Bajaj Finance
2026-02-25,1021.0499877929688,BAJFINANCE.NS,Bajaj Finance
2026-02-26,1012.9500122070312,BAJFINANCE.NS,Bajaj Finance
2026-02-27,995.9000244140625,BAJFINANCE.NS,Bajaj Finance
2026-03-02,978.25,BAJFINANCE.NS,Bajaj Finance
2026-03-04,945.0999755859375,BAJFINANCE.NS,Bajaj Finance
2026-03-05,962.4000244140625,BAJFINANCE.NS,Bajaj Finance
2026-03-06,950.2000122070312,BAJFINANCE.NS,Bajaj Finance
2026-03-09,938.0499877929688,BAJFINANCE.NS,Bajaj Finance
2026-03-10,939.7999877929688,BAJFINANCE.NS,Bajaj Finance
2026-03-11,893.6500244140625,BAJFINANCE.NS,Bajaj Finance
2026-03-12,863.0999755859375,BAJFINANCE.NS,Bajaj Finance
2026-03-13,855.0499877929688,BAJFINANCE.NS,Bajaj Finance
2026-03-16,878.1500244140625,BAJFINANCE.NS,Bajaj Finance
2026-03-17,868.5999755859375,BAJFINANCE.NS,Bajaj Finance
2026-03-18,880.0999755859375,BAJFINANCE.NS,Bajaj Finance
2026-03-19,832.2000122070312,BAJFINANCE.NS,Bajaj Finance
2026-03-20,830.5499877929688,BAJFINANCE.NS,Bajaj Finance
2026-03-23,812.5999755859375,BAJFINANCE.NS,Bajaj Finance
2026-03-24,849.0,BAJFINANCE.NS,Bajaj Finance
2026-03-25,882.75,BAJFINANCE.NS,Bajaj Finance
2026-03-27,843.7999877929688,BAJFINANCE.NS,Bajaj Finance
2026-03-30,801.5499877929688,BAJFINANCE.NS,Bajaj Finance
2026-04-01,817.2999877929688,BAJFINANCE.NS,Bajaj Finance
2026-04-02,826.8499755859375,BAJFINANCE.NS,Bajaj Finance
2026-04-06,850.8499755859375,BAJFINANCE.NS,Bajaj Finance
2026-04-07,855.0999755859375,BAJFINANCE.NS,Bajaj Finance
2026-04-08,915.0499877929688,BAJFINANCE.NS,Bajaj Finance
2026-04-09,903.25,BAJFINANCE.NS,Bajaj Finance
2026-04-10,924.5499877929688,BAJFINANCE.NS,Bajaj Finance
2026-04-13,898.9500122070312,BAJFINANCE.NS,Bajaj Finance
2026-04-15,913.1500244140625,BAJFINANCE.NS,Bajaj Finance
2026-04-16,905.9000244140625,BAJFINANCE.NS,Bajaj Finance
2026-04-17,908.25,BAJFINANCE.NS,Bajaj Finance
2026-04-20,917.75,BAJFINANCE.NS,Bajaj Finance
2026-04-21,938.8499755859375,BAJFINANCE.NS,Bajaj Finance
2026-04-22,934.75,BAJFINANCE.NS,Bajaj Finance
2026-04-23,918.3499755859375,BAJFINANCE.NS,Bajaj Finance
2026-04-24,921.5499877929688,BAJFINANCE.NS,Bajaj Finance
2026-04-27,921.7999877929688,BAJFINANCE.NS,Bajaj Finance
2026-04-28,923.6500244140625,BAJFINANCE.NS,Bajaj Finance
2026-04-29,930.0,BAJFINANCE.NS,Bajaj Finance
2026-04-30,937.0,BAJFINANCE.NS,Bajaj Finance
2026-05-01,937.0,BAJFINANCE.NS,Bajaj Finance
2026-05-04,950.2000122070312,BAJFINANCE.NS,Bajaj Finance
2026-05-05,958.5999755859375,BAJFINANCE.NS,Bajaj Finance
2026-05-06,980.75,BAJFINANCE.NS,Bajaj Finance
2026-05-07,972.75,BAJFINANCE.NS,Bajaj Finance
2026-05-08,955.3499755859375,BAJFINANCE.NS,Bajaj Finance
2026-05-11,936.0499877929688,BAJFINANCE.NS,Bajaj Finance
2026-05-12,904.2000122070312,BAJFINANCE.NS,Bajaj Finance
2026-05-13,896.1500244140625,BAJFINANCE.NS,Bajaj Finance
2026-05-14,912.1500244140625,BAJFINANCE.NS,Bajaj Finance
2026-05-15,910.4500122070312,BAJFINANCE.NS,Bajaj Finance
2026-05-18,921.0999755859375,BAJFINANCE.NS,Bajaj Finance
2026-05-19,923.5499877929688,BAJFINANCE.NS,Bajaj Finance
2026-05-20,923.0999755859375,BAJFINANCE.NS,Bajaj Finance
2026-05-21,907.6500244140625,BAJFINANCE.NS,Bajaj Finance
2026-05-22,916.5499877929688,BAJFINANCE.NS,Bajaj Finance
2026-05-25,941.9000244140625,BAJFINANCE.NS,Bajaj Finance
2026-05-26,930.2000122070312,BAJFINANCE.NS,Bajaj Finance
2026-05-27,931.1500244140625,BAJFINANCE.NS,Bajaj Finance
